E1283	J0522	Analyst	50
E0199	J0619	Engineer	40
E0848	J0713	Consultant	47
E2454	J0667	Analyst	40
E2167	J0587	Engineer	35
E0810	J0950	Manager	45
E1898	J0468	Analyst	29
E0068	J0671	Manager	37
E0127	J0559	Engineer	49
E0586	J0997	Consultant	36
E1538	J0561	Analyst	34
E1020	J0221	Programmer	54
E2327	J0696	Consultant	53
E1561	J0940	Analyst	50
E0050	J0679	Engineer	25
E2259	J0840	Manager	28
E0629	J0711	Engineer	63
E0111	J0082	Engineer	33
E0252	J0185	Manager	45
E2200	J0299	Analyst	36
E1808	J0686	Engineer	40
E2103	J0041	Manager	40
E1155	J0909	Analyst	37
E1589	J0183	Analyst	59
E0908	J0196	Manager	34
E0492	J0325	Analyst	39
E2224	J0611	Programmer	35
E1438	J0818	Engineer	60
E2029	J0524	Analyst	47
E0641	J0935	Engineer	44
E1968	J0911	Analyst	28
E0682	J0857	Programmer	28
E1832	J0714	Engineer	47
E1479	J0600	Analyst	47
E0232	J0095	Consultant	45
E2161	J0723	Programmer	30
E1296	J0662	Analyst	40
E2318	J0655	Analyst	31
E1827	J0836	Programmer	32
E0587	J0790	Engineer	28
E0594	J0757	Consultant	27
E2056	J0027	Engineer	38
E2054	J0993	Engineer	43
E0694	J0699	Consultant	39
E1867	J0345	Consultant	46
E1711	J0243	Analyst	37
E0682	J0124	Engineer	38
E1016	J0123	Engineer	19
E0114	J0272	Engineer	49
E0248	J0162	Consultant	53
E1065	J0380	Manager	30
E0825	J0810	Programmer	56
E0849	J0884	Programmer	35
E1091	J0454	Consultant	32
E2163	J0292	Consultant	44
E0150	J0764	Engineer	49
E0974	J0996	Consultant	37
E2470	J0870	Engineer	21
E1595	J0699	Manager	30
E2473	J0522	Engineer	42
E0080	J0777	Engineer	33
E1423	J0447	Engineer	48
E1330	J0304	Consultant	40
E1481	J0238	Manager	56
E1264	J0901	Engineer	43
E1050	J0421	Analyst	18
E1097	J0666	Programmer	43
E0550	J0278	Programmer	15
E2035	J0243	Consultant	44
E0244	J0097	Analyst	51
E1523	J0106	Analyst	41
E1135	J0910	Analyst	55
E0797	J0268	Analyst	41
E0029	J0939	Consultant	26
E0843	J0190	Consultant	33
E0890	J0552	Consultant	21
E2160	J0163	Analyst	37
E0519	J0189	Manager	50
E1324	J0528	Engineer	38
E2017	J0826	Analyst	46
E0060	J0795	Programmer	42
E0913	J0683	Consultant	53
E1291	J0793	Programmer	28
E0201	J0049	Manager	34
E2122	J0482	Programmer	26
E2222	J0164	Programmer	40
E0960	J0816	Manager	34
E2247	J0780	Consultant	34
E1714	J0123	Consultant	41
E2007	J0174	Analyst	47
E0949	J0230	Manager	52
E0140	J0110	Manager	51
E0490	J0993	Consultant	56
E1009	J0067	Consultant	41
E0276	J0513	Analyst	30
E1382	J0663	Programmer	39
E0917	J0751	Consultant	40
E0418	J0304	Manager	50
E1019	J0930	Programmer	34
E0929	J0048	Manager	42
E1648	J0428	Manager	46
E2282	J0867	Consultant	49
E1410	J0439	Consultant	44
E1876	J0307	Consultant	33
E1478	J0903	Engineer	39
E0954	J0599	Engineer	38
E0851	J0977	Analyst	45
E1237	J0672	Manager	41
E0549	J0479	Manager	30
E1789	J0342	Manager	44
E0477	J0245	Engineer	31
E2328	J0879	Engineer	43
E1515	J0273	Programmer	36
E1949	J0333	Engineer	44
E2216	J0757	Manager	33
E0204	J0973	Manager	42
E1548	J0482	Manager	39
E2093	J0576	Engineer	36
E0929	J0461	Consultant	44
E0628	J0443	Manager	42
E2370	J0721	Manager	12
E1211	J0052	Analyst	38
E1752	J0169	Analyst	57
E1730	J0933	Manager	58
E2084	J0923	Manager	37
E2374	J0105	Analyst	40
E1774	J0711	Consultant	38
E1601	J0889	Engineer	42
E2066	J0586	Engineer	49
E0069	J0521	Consultant	52
E0540	J0914	Analyst	45
E0102	J0898	Analyst	34
E2388	J0276	Programmer	38
E2116	J0098	Manager	56
E0975	J0672	Programmer	39
E0391	J0317	Analyst	35
E2093	J0904	Engineer	30
E0863	J0162	Consultant	50
E0030	J0762	Analyst	45
E1504	J0653	Consultant	48
E0584	J0911	Analyst	33
E1431	J0724	Programmer	44
E0981	J0884	Consultant	52
E1198	J0949	Programmer	25
E0229	J0598	Engineer	38
E2244	J0428	Engineer	45
E0736	J0544	Programmer	65
E0642	J0068	Engineer	53
E0809	J0202	Analyst	30
E2140	J0803	Engineer	39
E1813	J0385	Engineer	32
E1850	J0166	Engineer	44
E2286	J0991	Analyst	39
E1075	J0589	Analyst	44
E1537	J0875	Analyst	32
E2199	J0088	Engineer	29
E1871	J0000	Analyst	51
E0692	J0148	Programmer	39
E1822	J0045	Engineer	34
E2081	J0891	Manager	55
E1924	J0332	Programmer	42
E0928	J0432	Analyst	50
E0784	J0048	Engineer	33
E0336	J0762	Consultant	31
E1283	J0450	Programmer	27
E0585	J0842	Engineer	42
E0780	J0988	Manager	40
E1927	J0449	Consultant	53
E1336	J0578	Analyst	27
E1079	J0034	Engineer	35
E2420	J0780	Engineer	28
E0620	J0795	Analyst	32
E0912	J0640	Manager	38
E1993	J0180	Manager	32
E1992	J0067	Manager	38
E1115	J0207	Analyst	32
E2246	J0244	Manager	45
E0473	J0104	Manager	40
E1281	J0267	Engineer	52
E1589	J0371	Consultant	29
E0314	J0068	Programmer	36
E0374	J0951	Engineer	37
E1360	J0546	Programmer	50
E0323	J0421	Programmer	39
E0214	J0398	Consultant	36
E1068	J0325	Programmer	47
E2415	J0600	Programmer	45
E1219	J0821	Programmer	35
E2054	J0064	Consultant	25
E1010	J0281	Engineer	33
E0340	J0661	Programmer	32
E1298	J0232	Analyst	21
E1047	J0785	Analyst	49
E1775	J0231	Programmer	33
E0078	J0122	Analyst	50
E1719	J0454	Programmer	33
E2281	J0522	Engineer	32
E1708	J0838	Engineer	39
E1563	J0244	Programmer	28
E2141	J0463	Programmer	36
E0837	J0128	Consultant	10
E0065	J0946	Analyst	35
E1971	J0427	Engineer	56
E1441	J0176	Engineer	48
E1983	J0761	Analyst	32
E1483	J0880	Manager	29
E2460	J0143	Consultant	37
E2245	J0733	Analyst	49
E0959	J0907	Engineer	28
E0231	J0241	Programmer	54
E1213	J0893	Engineer	56
E1749	J0657	Programmer	41
E0171	J0014	Consultant	35
E1885	J0365	Manager	14
E1662	J0230	Programmer	37
E0027	J0082	Engineer	50
E1777	J0001	Analyst	38
E1313	J0822	Analyst	45
E1109	J0735	Consultant	40
E1004	J0840	Manager	30
E2245	J0465	Manager	33
E1921	J0621	Manager	34
E2324	J0980	Consultant	52
E1534	J0868	Analyst	33
E1403	J0059	Manager	32
E1703	J0791	Engineer	43
E1211	J0011	Engineer	37
E2034	J0813	Analyst	39
E1168	J0617	Programmer	28
E0123	J0258	Manager	40
E1900	J0571	Manager	26
E0746	J0903	Manager	28
E1634	J0598	Manager	26
E1218	J0964	Analyst	50
E2167	J0475	Consultant	34
E2413	J0994	Consultant	35
E2358	J0124	Analyst	22
E1217	J0014	Engineer	36
E2176	J0012	Engineer	52
E0766	J0843	Consultant	28
E2154	J0266	Manager	34
E1313	J0737	Analyst	35
E1653	J0513	Manager	57
E1407	J0505	Consultant	33
E1898	J0337	Analyst	30
E0015	J0871	Engineer	41
E1081	J0068	Engineer	35
E1530	J0627	Analyst	52
E2358	J0597	Analyst	37
E1979	J0525	Consultant	30
E0196	J0577	Analyst	38
E0463	J0639	Manager	26
E0576	J0627	Analyst	26
E0989	J0280	Programmer	35
E1180	J0519	Engineer	53
E1393	J0645	Manager	29
E1221	J0282	Engineer	38
E0604	J0141	Manager	35
E1894	J0124	Analyst	38
E0935	J0954	Analyst	47
E1389	J0365	Analyst	54
E0845	J0663	Programmer	29
E0738	J0919	Engineer	42
E0373	J0106	Manager	39
E2437	J0539	Programmer	39
E2289	J0441	Engineer	45
E1310	J0589	Engineer	58
E1240	J0191	Analyst	53
E2238	J0960	Analyst	40
E2116	J0713	Programmer	34
E1256	J0691	Analyst	23
E0280	J0328	Engineer	40
E0605	J0542	Programmer	42
E2322	J0103	Consultant	48
E0182	J0977	Consultant	40
E1417	J0331	Manager	38
E1614	J0591	Analyst	57
E1438	J0980	Engineer	41
E0840	J0847	Consultant	37
E1920	J0268	Manager	33
E0581	J0993	Analyst	39
E0754	J0089	Manager	48
E0491	J0181	Engineer	27
E1672	J0176	Manager	42
E1676	J0057	Analyst	54
E2297	J0678	Programmer	14
E0245	J0810	Consultant	39
E0726	J0180	Consultant	40
E1700	J0924	Engineer	43
E0549	J0064	Analyst	38
E0898	J0947	Engineer	46
E1515	J0986	Analyst	37
E1069	J0813	Programmer	35
E0579	J0383	Engineer	22
E0658	J0992	Programmer	43
E0261	J0363	Consultant	60
E1636	J0843	Engineer	24
E0650	J0995	Engineer	39
E0768	J0249	Engineer	38
E0144	J0567	Programmer	36
E0747	J0445	Engineer	49
E1809	J0628	Analyst	36
E2081	J0351	Consultant	30
E1820	J0217	Consultant	43
E1659	J0974	Manager	49
E1524	J0151	Programmer	46
E0006	J0067	Programmer	34
E1579	J0035	Manager	50
E1028	J0720	Analyst	44
E0859	J0537	Consultant	53
E0827	J0602	Engineer	46
E2370	J0024	Engineer	26
E0066	J0070	Analyst	46
E0977	J0911	Consultant	31
E0128	J0335	Manager	53
E0510	J0388	Analyst	48
E1934	J0491	Programmer	55
E1450	J0675	Manager	58
E1735	J0646	Analyst	31
E2071	J0813	Programmer	41
E0984	J0100	Engineer	47
E0713	J0559	Engineer	50
E0001	J0873	Consultant	34
E2122	J0392	Engineer	37
E0172	J0334	Engineer	30
E2286	J0330	Analyst	56
E0067	J0631	Manager	45
E1992	J0141	Engineer	53
E2175	J0354	Analyst	24
E2490	J0183	Analyst	49
E0416	J0786	Manager	35
E1355	J0958	Engineer	29
E1192	J0492	Manager	41
E2239	J0739	Consultant	49
E1779	J0413	Consultant	23
E1444	J0820	Programmer	33
E0390	J0012	Manager	40
E1834	J0251	Manager	59
E0045	J0664	Consultant	29
E1982	J0948	Consultant	27
E1741	J0386	Analyst	38
E2007	J0846	Analyst	38
E1721	J0447	Programmer	33
E2436	J0206	Engineer	56
E0841	J0409	Manager	57
E1254	J0210	Engineer	38
E1008	J0498	Programmer	48
E1757	J0016	Analyst	33
E0565	J0175	Engineer	43
E0998	J0306	Engineer	61
E0997	J0029	Engineer	23
E0990	J0967	Analyst	28
E0387	J0450	Engineer	32
E0717	J0911	Analyst	45
E1029	J0629	Analyst	30
E1435	J0044	Manager	61
E0889	J0161	Consultant	39
E1689	J0731	Analyst	44
E0943	J0263	Manager	46
E1355	J0864	Engineer	50
E1963	J0077	Manager	36
E1533	J0535	Consultant	44
E1613	J0146	Consultant	47
E0989	J0871	Engineer	38
E0526	J0608	Engineer	49
E2348	J0655	Programmer	25
E0415	J0868	Manager	44
E2434	J0253	Consultant	39
E0429	J0745	Analyst	35
E1203	J0779	Consultant	41
E1974	J0229	Consultant	38
E1457	J0828	Manager	56
E0648	J0959	Analyst	39
E0295	J0406	Programmer	39
E2173	J0391	Programmer	19
E0351	J0335	Analyst	42
E1424	J0263	Consultant	51
E1096	J0608	Engineer	28
E2338	J0727	Programmer	53
E1502	J0366	Consultant	35
E1360	J0002	Manager	57
E0034	J0304	Engineer	50
E1799	J0432	Programmer	38
E0183	J0931	Engineer	47
E0290	J0446	Analyst	45
E1308	J0659	Manager	30
E1268	J0737	Programmer	43
E0739	J0356	Analyst	28
E1872	J0779	Engineer	45
E0974	J0768	Consultant	32
E1763	J0262	Consultant	34
E1731	J0158	Consultant	41
E2410	J0763	Consultant	30
E0791	J0934	Engineer	31
E2193	J0878	Analyst	37
E1568	J0538	Manager	40
E2447	J0974	Engineer	49
E1852	J0018	Analyst	36
E1295	J0631	Programmer	66
E1358	J0000	Consultant	43
E2108	J0680	Analyst	40
E0664	J0053	Consultant	59
E1665	J0965	Programmer	52
E1176	J0371	Consultant	46
E1425	J0835	Consultant	50
E0620	J0331	Engineer	25
E1285	J0621	Manager	52
E1282	J0573	Consultant	55
E1116	J0808	Manager	48
E1811	J0403	Engineer	33
E2323	J0860	Analyst	17
E1111	J0917	Consultant	36
E0880	J0809	Consultant	34
E0457	J0398	Consultant	31
E0439	J0521	Analyst	25
E0110	J0790	Manager	41
E0777	J0141	Manager	60
E1334	J0358	Programmer	37
E0474	J0053	Engineer	39
E1804	J0992	Programmer	52
E2101	J0415	Programmer	36
E2432	J0019	Engineer	31
E0866	J0984	Engineer	45
E0959	J0039	Engineer	44
E0876	J0128	Manager	16
E1354	J0448	Programmer	41
E0040	J0333	Manager	40
E0223	J0075	Manager	42
E0751	J0085	Consultant	36
E0530	J0707	Programmer	50
E0953	J0925	Manager	25
E1796	J0874	Consultant	40
E0557	J0761	Manager	34
E2023	J0318	Analyst	46
E1463	J0825	Manager	29
E1863	J0049	Manager	54
E0144	J0925	Analyst	46
E1699	J0722	Consultant	21
E1956	J0481	Engineer	42
E0006	J0398	Consultant	26
E1867	J0855	Engineer	38
E1029	J0087	Analyst	49
E0657	J0348	Manager	46
E1759	J0304	Consultant	56
E0644	J0776	Engineer	50
E1683	J0587	Manager	56
E0116	J0119	Manager	39
E0171	J0267	Manager	34
E0822	J0696	Manager	38
E0666	J0379	Engineer	41
E2202	J0652	Manager	24
E0470	J0883	Analyst	29
E1190	J0927	Programmer	47
E0806	J0798	Consultant	52
E0265	J0728	Manager	31
E1004	J0948	Programmer	34
E0283	J0744	Programmer	43
E0387	J0267	Engineer	41
E1662	J0813	Manager	48
E1664	J0186	Analyst	45
E0557	J0019	Programmer	48
E1915	J0143	Engineer	41
E0664	J0186	Analyst	46
E0080	J0710	Manager	33
E0523	J0726	Analyst	32
E1603	J0196	Programmer	37
E0442	J0943	Consultant	42
E1672	J0399	Engineer	48
E2423	J0470	Consultant	39
E1134	J0253	Manager	28
E1552	J0720	Programmer	33
E1863	J0964	Consultant	29
E0090	J0574	Manager	43
E2461	J0102	Manager	36
E2001	J0636	Engineer	34
E1083	J0300	Manager	41
E0505	J0127	Consultant	41
E1734	J0815	Engineer	25
E0832	J0053	Engineer	29
E0465	J0787	Consultant	26
E1869	J0841	Analyst	35
E2400	J0923	Manager	28
E1823	J0262	Programmer	66
E2295	J0817	Consultant	40
E0913	J0087	Consultant	29
E0660	J0067	Manager	41
E0728	J0657	Consultant	31
E0312	J0992	Programmer	31
E1332	J0491	Engineer	44
E1403	J0579	Analyst	23
E1472	J0716	Engineer	48
E0797	J0081	Analyst	41
E2456	J0536	Engineer	43
E0052	J0113	Engineer	25
E0323	J0491	Analyst	40
E1424	J0148	Analyst	44
E1414	J0424	Manager	56
E1588	J0592	Programmer	30
E1428	J0319	Manager	60
E0752	J0580	Manager	35
E0068	J0914	Engineer	46
E1334	J0485	Engineer	23
E0632	J0798	Programmer	67
E1937	J0512	Consultant	30
E0610	J0433	Manager	55
E2221	J0955	Consultant	43
E1697	J0074	Programmer	69
E1028	J0150	Engineer	32
E2491	J0469	Programmer	54
E1009	J0521	Engineer	13
E0135	J0363	Analyst	55
E0823	J0320	Programmer	34
E1940	J0435	Manager	50
E1024	J0091	Analyst	38
E0541	J0087	Engineer	51
E1920	J0252	Consultant	31
E1841	J0155	Manager	35
E1251	J0060	Engineer	16
E1320	J0829	Engineer	43
E1780	J0066	Consultant	33
E1613	J0814	Engineer	45
E2318	J0723	Programmer	22
E1076	J0201	Manager	42
E2140	J0406	Programmer	46
E2405	J0769	Programmer	13
E1572	J0972	Engineer	39
E1213	J0505	Engineer	53
E0750	J0945	Manager	49
E0993	J0671	Programmer	48
E0760	J0141	Consultant	41
E0206	J0722	Programmer	25
E0077	J0702	Analyst	48
E0593	J0251	Analyst	34
E0578	J0556	Consultant	49
E0755	J0501	Engineer	46
E2227	J0128	Engineer	35
E2033	J0579	Engineer	12
E2448	J0280	Programmer	31
E0168	J0632	Consultant	40
E1891	J0214	Consultant	27
E1369	J0487	Programmer	52
E1719	J0369	Analyst	26
E1497	J0874	Analyst	42
E0032	J0708	Engineer	39
E0815	J0675	Programmer	20
E0749	J0261	Engineer	49
E0398	J0115	Consultant	31
E0411	J0503	Analyst	41
E0062	J0532	Analyst	30
E0715	J0783	Analyst	61
E2126	J0592	Consultant	36
E0581	J0201	Analyst	20
E2000	J0747	Programmer	31
E1652	J0854	Programmer	31
E1681	J0236	Programmer	32
E0911	J0613	Consultant	21
E1036	J0355	Engineer	25
E2451	J0577	Programmer	52
E0629	J0438	Consultant	48
E2150	J0373	Consultant	51
E0623	J0829	Engineer	35
E1159	J0447	Manager	35
E0845	J0231	Manager	46
E0380	J0803	Programmer	39
E1207	J0036	Engineer	18
E1419	J0804	Consultant	32
E0085	J0048	Programmer	48
E1789	J0815	Analyst	32
E1670	J0378	Consultant	37
E2447	J0776	Analyst	33
E0381	J0897	Consultant	46
E0281	J0993	Engineer	15
E1147	J0594	Consultant	41
E0564	J0025	Engineer	43
E0927	J0184	Programmer	41
E2218	J0394	Analyst	44
E0131	J0831	Engineer	51
E2093	J0007	Programmer	38
E2469	J0477	Analyst	38
E0376	J0653	Manager	38
E0215	J0916	Consultant	37
E2202	J0463	Consultant	54
E0451	J0487	Consultant	39
E0084	J0831	Analyst	51
E1277	J0194	Engineer	28
E0064	J0844	Engineer	34
E1881	J0286	Programmer	39
E0082	J0674	Programmer	32
E2110	J0190	Engineer	44
E1166	J0399	Consultant	45
E2347	J0698	Manager	42
E2416	J0098	Analyst	38
E1807	J0885	Analyst	23
E0559	J0761	Programmer	41
E2055	J0748	Consultant	50
E0825	J0780	Programmer	38
E1403	J0010	Engineer	33
E0860	J0134	Programmer	25
E1643	J0589	Analyst	67
E0232	J0829	Engineer	38
E1831	J0237	Analyst	44
E1630	J0712	Consultant	47
E2105	J0713	Manager	40
E0084	J0825	Engineer	38
E2449	J0346	Consultant	42
E2344	J0520	Consultant	47
E1677	J0347	Engineer	34
E0890	J0575	Analyst	28
E0318	J0149	Engineer	47
E0758	J0663	Analyst	49
E1700	J0859	Engineer	33
E0161	J0282	Analyst	41
E2451	J0305	Engineer	42
E1600	J0377	Manager	38
E0235	J0601	Consultant	41
E1920	J0770	Manager	50
E1856	J0429	Engineer	65
E0930	J0693	Consultant	29
E1799	J0826	Consultant	57
E1521	J0195	Analyst	16
E1327	J0572	Analyst	31
E0034	J0582	Analyst	41
E1223	J0242	Analyst	32
E0183	J0179	Manager	48
E1305	J0334	Analyst	60
E0660	J0776	Analyst	45
E0877	J0804	Consultant	44
E0948	J0782	Analyst	35
E1838	J0378	Programmer	38
E1595	J0621	Analyst	39
E1212	J0654	Manager	35
E2123	J0575	Consultant	27
E1950	J0859	Analyst	43
E1778	J0662	Engineer	27
E1470	J0246	Manager	39
E0774	J0023	Manager	13
E0153	J0265	Manager	47
E1580	J0240	Programmer	36
E0840	J0051	Consultant	44
E2311	J0325	Engineer	20
E1915	J0653	Consultant	45
E1417	J0485	Manager	35
E1338	J0956	Manager	52
E2493	J0124	Programmer	39
E1768	J0993	Programmer	53
E0043	J0932	Programmer	38
E0601	J0351	Analyst	40
E0472	J0599	Consultant	42
E1231	J0607	Analyst	43
E0888	J0931	Programmer	49
E1787	J0378	Manager	51
E1234	J0812	Manager	33
E2258	J0334	Consultant	35
E0716	J0072	Programmer	32
E0316	J0340	Analyst	45
E1002	J0025	Analyst	50
E0340	J0538	Analyst	25
E1638	J0722	Analyst	38
E1201	J0386	Consultant	63
E2352	J0997	Consultant	42
E0376	J0432	Analyst	45
E1948	J0815	Analyst	46
E0974	J0905	Programmer	40
E1034	J0227	Manager	34
E0458	J0163	Analyst	59
E1930	J0126	Programmer	46
E1754	J0641	Consultant	43
E0488	J0730	Manager	41
E2180	J0037	Consultant	49
E1946	J0689	Analyst	44
E2007	J0537	Engineer	40
E2493	J0362	Programmer	37
E1314	J0803	Analyst	43
E1686	J0155	Engineer	33
E2156	J0647	Manager	40
E1084	J0004	Engineer	41
E2265	J0105	Analyst	42
E1472	J0988	Manager	36
E1123	J0385	Consultant	38
E1532	J0107	Consultant	35
E0071	J0103	Analyst	50
E1622	J0496	Programmer	37
E2044	J0269	Consultant	47
E0838	J0792	Consultant	43
E1284	J0519	Engineer	41
E0504	J0961	Manager	28
E1501	J0321	Analyst	29
E1562	J0588	Analyst	41
E1155	J0620	Manager	40
E2431	J0804	Manager	34
E0156	J0225	Engineer	44
E2078	J0750	Analyst	41
E1222	J0771	Analyst	50
E1854	J0083	Programmer	49
E0149	J0170	Manager	34
E2339	J0878	Consultant	25
E0442	J0964	Analyst	49
E0726	J0650	Consultant	54
E0202	J0333	Programmer	40
E0390	J0306	Programmer	35
E1251	J0383	Engineer	35
E1422	J0687	Programmer	38
E1827	J0703	Consultant	39
E0228	J0189	Manager	38
E1358	J0840	Programmer	57
E2429	J0188	Consultant	51
E1529	J0620	Programmer	31
E1353	J0229	Analyst	27
E0576	J0093	Manager	54
E0681	J0992	Programmer	61
E1828	J0605	Analyst	31
E1407	J0256	Programmer	37
E0376	J0153	Consultant	44
E1669	J0247	Consultant	44
E0560	J0920	Manager	52
E1453	J0749	Consultant	44
E1010	J0668	Engineer	38
E2031	J0163	Consultant	37
E1280	J0250	Programmer	61
E0502	J0804	Consultant	34
E0419	J0715	Manager	35
E0496	J0812	Engineer	56
E2463	J0021	Analyst	39
E0014	J0010	Manager	24
E2053	J0695	Programmer	63
E1174	J0664	Manager	43
E1190	J0015	Consultant	37
E1277	J0131	Analyst	37
E1866	J0747	Manager	38
E2054	J0622	Consultant	31
E0748	J0624	Analyst	36
E1725	J0539	Programmer	46
E2155	J0225	Consultant	26
E1541	J0448	Consultant	36
E0868	J0951	Analyst	67
E1656	J0078	Engineer	35
E1228	J0083	Engineer	50
E0902	J0379	Programmer	48
E1959	J0460	Engineer	52
E1742	J0536	Manager	30
E2411	J0681	Engineer	60
E1258	J0199	Consultant	37
E0832	J0756	Engineer	40
E2235	J0911	Engineer	22
E0700	J0039	Manager	42
E1878	J0379	Programmer	53
E0298	J0452	Manager	53
E1400	J0792	Engineer	43
E0216	J0130	Consultant	31
E0205	J0227	Programmer	45
E0403	J0109	Consultant	49
E1592	J0609	Programmer	46
E2400	J0046	Engineer	38
E0754	J0121	Consultant	49
E0917	J0596	Analyst	25
E2309	J0440	Analyst	21
E1120	J0386	Analyst	30
E0615	J0605	Engineer	35
E2069	J0367	Analyst	41
E0702	J0547	Consultant	34
E1454	J0666	Engineer	45
E2016	J0066	Programmer	30
E2354	J0901	Engineer	47
E1130	J0403	Analyst	44
E1026	J0469	Consultant	27
E2094	J0303	Analyst	33
E0715	J0405	Manager	52
E1848	J0921	Manager	34
E1273	J0192	Analyst	35
E1903	J0283	Analyst	45
E1050	J0986	Manager	45
E0307	J0983	Engineer	22
E0041	J0613	Engineer	41
E1395	J0665	Engineer	37
E0230	J0932	Consultant	30
E1611	J0623	Consultant	40
E1365	J0772	Consultant	32
E0566	J0553	Programmer	44
E0711	J0779	Engineer	38
E0312	J0953	Manager	55
E1179	J0705	Consultant	26
E0794	J0815	Programmer	37
E0011	J0213	Manager	54
E2381	J0084	Engineer	29
E0487	J0543	Programmer	61
E0878	J0913	Programmer	40
E1860	J0762	Manager	43
E1910	J0525	Analyst	24
E2215	J0720	Analyst	33
E2430	J0180	Analyst	52
E0043	J0621	Consultant	48
E0616	J0780	Engineer	29
E0744	J0305	Manager	38
E2053	J0673	Manager	50
E0591	J0003	Manager	29
E0177	J0565	Engineer	63
E1194	J0530	Manager	52
E1948	J0945	Manager	43
E0726	J0419	Analyst	52
E2151	J0391	Consultant	27
E0688	J0578	Analyst	40
E0730	J0102	Consultant	49
E1100	J0385	Consultant	43
E1930	J0494	Analyst	37
E1348	J0566	Manager	42
E1424	J0157	Engineer	35
E1488	J0849	Analyst	50
E1625	J0620	Engineer	40
E0463	J0578	Engineer	35
E1637	J0120	Consultant	28
E1381	J0571	Consultant	40
E0477	J0509	Manager	39
E1744	J0209	Programmer	35
E0872	J0868	Engineer	48
E1864	J0808	Consultant	42
E1333	J0753	Analyst	42
E1953	J0773	Consultant	28
E0069	J0038	Engineer	46
E1574	J0638	Consultant	35
E1967	J0507	Analyst	40
E0431	J0765	Programmer	40
E0015	J0013	Programmer	41
E0592	J0329	Consultant	31
E0759	J0312	Consultant	38
E1926	J0360	Programmer	38
E2079	J0145	Consultant	29
E0758	J0611	Analyst	22
E1935	J0741	Programmer	25
E1324	J0081	Consultant	49
E1807	J0358	Consultant	48
E2381	J0489	Consultant	34
E0020	J0094	Engineer	50
E1668	J0325	Consultant	36
E1585	J0604	Consultant	21
E1487	J0912	Programmer	42
E0090	J0402	Manager	34
E1543	J0310	Engineer	31
E0064	J0491	Consultant	27
E1960	J0806	Programmer	47
E1938	J0568	Engineer	54
E0170	J0662	Programmer	40
E2119	J0293	Analyst	40
E2144	J0311	Programmer	28
E0402	J0455	Consultant	43
E0169	J0143	Engineer	34
E1526	J0666	Engineer	33
E2405	J0444	Analyst	25
E1064	J0333	Engineer	35
E1865	J0907	Engineer	28
E1129	J0753	Programmer	52
E1867	J0682	Manager	53
E2196	J0922	Consultant	40
E2088	J0765	Consultant	35
E0611	J0959	Analyst	43
E2467	J0687	Manager	27
E0615	J0286	Consultant	43
E2264	J0714	Manager	40
E0870	J0859	Analyst	29
E2347	J0232	Manager	47
E0228	J0606	Analyst	32
E0751	J0637	Manager	59
E1876	J0766	Programmer	43
E0264	J0539	Analyst	40
E1062	J0751	Consultant	22
E0063	J0994	Analyst	46
E2344	J0647	Consultant	32
E0925	J0424	Consultant	46
E0594	J0252	Consultant	48
E1389	J0957	Engineer	23
E1063	J0521	Programmer	50
E1340	J0747	Engineer	41
E0009	J0708	Consultant	62
E0824	J0146	Consultant	35
E1726	J0808	Consultant	37
E1069	J0973	Analyst	38
E0133	J0281	Consultant	44
E0732	J0788	Engineer	52
E2234	J0763	Manager	53
E0717	J0318	Manager	39
E0018	J0817	Consultant	44
E2314	J0506	Programmer	42
E2072	J0471	Programmer	45
E0177	J0646	Programmer	13
E0131	J0486	Engineer	26
E0696	J0766	Programmer	48
E0183	J0007	Programmer	37
E2345	J0227	Engineer	30
E1801	J0978	Analyst	61
E0547	J0424	Analyst	35
E1300	J0294	Analyst	36
E0276	J0102	Engineer	31
E1867	J0757	Consultant	35
E1083	J0596	Engineer	38
E1012	J0881	Analyst	57
E1241	J0913	Engineer	36
E0917	J0175	Analyst	28
E1328	J0748	Analyst	30
E1794	J0899	Consultant	26
E1899	J0348	Consultant	40
E0960	J0023	Analyst	54
E0684	J0498	Engineer	44
E0652	J0508	Consultant	49
E1012	J0512	Engineer	40
E2218	J0363	Programmer	51
E1239	J0581	Engineer	27
E1789	J0303	Programmer	32
E2325	J0551	Manager	41
E1628	J0283	Manager	53
E2347	J0984	Consultant	41
E1965	J0125	Programmer	41
E0158	J0601	Programmer	39
E1017	J0853	Analyst	45
E2396	J0651	Consultant	57
E1043	J0201	Manager	44
E1712	J0455	Programmer	36
E1155	J0014	Consultant	24
E0363	J0866	Analyst	27
E0648	J0544	Programmer	47
E1365	J0175	Engineer	41
E2343	J0844	Programmer	37
E0055	J0320	Engineer	26
E0062	J0780	Manager	26
E0211	J0583	Programmer	37
E1556	J0537	Engineer	41
E1891	J0103	Manager	42
E1324	J0222	Engineer	34
E2336	J0668	Engineer	39
E1545	J0954	Consultant	33
E1280	J0512	Programmer	42
E0283	J0584	Programmer	47
E1169	J0891	Engineer	50
E1640	J0026	Programmer	36
E0678	J0455	Engineer	44
E2046	J0699	Manager	44
E1815	J0952	Manager	44
E0552	J0367	Manager	26
E1230	J0079	Analyst	34
E1669	J0222	Manager	49
E1392	J0728	Programmer	40
E1432	J0683	Manager	53
E1446	J0036	Engineer	46
E2007	J0764	Programmer	37
E1757	J0671	Analyst	57
E2437	J0769	Engineer	43
E0299	J0662	Analyst	54
E0668	J0814	Analyst	52
E2065	J0584	Consultant	37
E1459	J0022	Consultant	21
E0380	J0141	Analyst	39
E2195	J0002	Engineer	57
E2495	J0901	Consultant	44
E1302	J0115	Manager	41
E1238	J0599	Manager	57
E1506	J0285	Manager	35
E1702	J0023	Consultant	48
E2496	J0942	Consultant	37
E0810	J0895	Programmer	32
E0424	J0558	Programmer	42
E1099	J0189	Analyst	49
E1718	J0431	Analyst	34
E1012	J0618	Engineer	42
E1465	J0377	Manager	36
E0363	J0984	Engineer	51
E1200	J0475	Engineer	31
E1384	J0655	Programmer	26
E0470	J0348	Programmer	33
E2342	J0144	Manager	29
E0071	J0219	Programmer	18
E1576	J0671	Manager	26
E2135	J0836	Engineer	46
E0963	J0815	Engineer	41
E0132	J0798	Analyst	35
E1272	J0262	Analyst	35
E0977	J0374	Analyst	41
E1963	J0819	Manager	43
E1691	J0644	Manager	47
E1687	J0575	Manager	37
E1850	J0463	Manager	45
E2066	J0478	Engineer	43
E2213	J0824	Engineer	56
E1459	J0839	Consultant	69
E1356	J0288	Manager	37
E0216	J0486	Analyst	31
E1168	J0737	Engineer	12
E0873	J0163	Engineer	49
E0991	J0994	Analyst	37
E2314	J0458	Engineer	49
E0852	J0191	Analyst	49
E0770	J0046	Programmer	40
E0095	J0765	Manager	41
E0252	J0265	Programmer	50
E1781	J0754	Manager	33
E1530	J0186	Analyst	47
E0976	J0873	Consultant	24
E0669	J0993	Analyst	30
E1589	J0908	Engineer	42
E0466	J0242	Manager	35
E0243	J0762	Programmer	48
E1757	J0181	Consultant	40
E0532	J0651	Manager	36
E2272	J0487	Engineer	43
E2474	J0396	Consultant	28
E1965	J0163	Programmer	50
E1705	J0286	Analyst	49
E2077	J0215	Consultant	47
E1083	J0096	Analyst	62
E0981	J0723	Analyst	29
E1886	J0125	Consultant	22
E0104	J0629	Engineer	53
E1942	J0342	Manager	22
E1421	J0031	Programmer	36
E1597	J0646	Manager	44
E0523	J0725	Engineer	40
E2316	J0704	Manager	35
E0836	J0612	Programmer	64
E2449	J0320	Manager	39
E1423	J0929	Analyst	48
E1565	J0282	Engineer	22
E0292	J0740	Programmer	39
E1277	J0672	Engineer	24
E1261	J0142	Manager	19
E1676	J0400	Engineer	36
E2442	J0438	Programmer	45
E1622	J0778	Consultant	33
E1054	J0435	Analyst	45
E0666	J0507	Engineer	39
E2014	J0094	Analyst	27
E1268	J0933	Engineer	52
E2241	J0069	Analyst	56
E1046	J0400	Consultant	18
E2245	J0072	Programmer	45
E0820	J0123	Engineer	45
E0333	J0602	Programmer	42
E0741	J0226	Consultant	25
E1537	J0115	Analyst	32
E0710	J0629	Programmer	47
E0908	J0929	Programmer	49
E0548	J0261	Analyst	51
E1920	J0371	Engineer	49
E2331	J0447	Consultant	29
E1604	J0278	Analyst	43
E0225	J0046	Programmer	52
E1275	J0087	Programmer	30
E1518	J0485	Manager	38
E1198	J0370	Programmer	20
E1553	J0053	Manager	41
E0737	J0566	Engineer	32
E0835	J0636	Engineer	33
E0872	J0840	Engineer	18
E0246	J0153	Consultant	47
E0220	J0022	Analyst	25
E1531	J0157	Programmer	38
E1952	J0568	Manager	21
E2352	J0155	Manager	34
E0748	J0112	Manager	31
E0804	J0995	Engineer	53
E1704	J0119	Engineer	46
E1969	J0029	Programmer	37
E1076	J0833	Engineer	41
E0379	J0158	Analyst	36
E1975	J0737	Analyst	31
E0812	J0383	Consultant	60
E0469	J0196	Programmer	33
E0803	J0257	Engineer	38
E1021	J0031	Engineer	56
E0058	J0955	Manager	41
E2450	J0051	Consultant	37
E2420	J0292	Manager	30
E2097	J0120	Consultant	38
E1875	J0270	Engineer	44
E1504	J0943	Analyst	43
E2069	J0478	Analyst	23
E2114	J0300	Programmer	33
E1232	J0143	Programmer	29
E2469	J0704	Analyst	28
E0427	J0772	Engineer	46
E0717	J0670	Manager	60
E0959	J0402	Engineer	43
E0363	J0129	Engineer	39
E0975	J0396	Consultant	50
E0302	J0866	Analyst	59
E0319	J0331	Analyst	44
E0887	J0022	Manager	46
E0332	J0499	Programmer	42
E0395	J0967	Programmer	44
E1855	J0132	Consultant	23
E0466	J0080	Programmer	64
E2285	J0148	Engineer	33
E0245	J0808	Consultant	53
E2289	J0443	Engineer	27
E0156	J0305	Analyst	27
E0366	J0341	Manager	48
E0303	J0495	Analyst	39
E1196	J0102	Consultant	33
E0795	J0371	Programmer	49
E0818	J0272	Programmer	23
E0077	J0833	Engineer	38
E1885	J0553	Engineer	29
E1357	J0761	Programmer	23
E1345	J0813	Manager	37
E1715	J0013	Consultant	36
E2207	J0893	Engineer	50
E0353	J0141	Manager	11
E2492	J0122	Manager	49
E1266	J0188	Engineer	58
E1890	J0942	Engineer	21
E1413	J0351	Consultant	55
E1547	J0682	Engineer	39
E1335	J0275	Engineer	31
E0025	J0414	Engineer	48
E0690	J0879	Engineer	50
E0798	J0091	Programmer	40
E1552	J0277	Programmer	34
E0610	J0399	Analyst	42
E1924	J0722	Consultant	45
E1531	J0760	Consultant	43
E1531	J0682	Engineer	41
E2026	J0391	Engineer	31
E0107	J0704	Manager	37
E2295	J0280	Analyst	38
E1847	J0628	Manager	38
E1593	J0874	Analyst	56
E1318	J0044	Consultant	31
E0934	J0647	Consultant	55
E0877	J0385	Manager	36
E0924	J0911	Manager	47
E1715	J0780	Manager	44
E2231	J0450	Consultant	27
E1982	J0323	Analyst	47
E1391	J0178	Programmer	37
E0084	J0491	Engineer	44
E0944	J0042	Manager	24
E2465	J0978	Analyst	33
E0763	J0409	Programmer	38
E0545	J0491	Manager	58
E1312	J0093	Manager	30
E1100	J0430	Analyst	31
E2413	J0220	Engineer	47
E1504	J0307	Programmer	32
E0217	J0392	Manager	44
E0216	J0687	Programmer	41
E0573	J0816	Consultant	56
E0858	J0158	Manager	36
E1416	J0977	Analyst	29
E0502	J0960	Manager	46
E0164	J0513	Programmer	38
E2124	J0257	Manager	46
E0068	J0410	Consultant	53
E2246	J0530	Analyst	46
E1798	J0828	Analyst	31
E1710	J0553	Engineer	12
E0401	J0415	Analyst	50
E0749	J0764	Programmer	55
E0855	J0399	Analyst	47
E0685	J0315	Programmer	38
E0160	J0182	Analyst	24
E1724	J0809	Analyst	27
E1690	J0131	Engineer	32
E0578	J0123	Programmer	27
E0574	J0336	Manager	28
E0980	J0852	Manager	35
E1095	J0756	Consultant	59
E0871	J0213	Manager	32
E1652	J0875	Analyst	55
E1279	J0689	Analyst	21
E0890	J0196	Consultant	22
E0642	J0030	Manager	37
E1311	J0593	Analyst	36
E1669	J0388	Manager	25
E1623	J0841	Engineer	45
E1188	J0893	Programmer	28
E2239	J0159	Analyst	30
E0798	J0863	Engineer	38
E1429	J0959	Programmer	53
E1645	J0946	Engineer	39
E2164	J0356	Programmer	35
E0666	J0895	Manager	55
E1829	J0172	Analyst	34
E1156	J0033	Analyst	38
E0655	J0627	Engineer	39
E2472	J0737	Programmer	29
E1366	J0140	Consultant	19
E0551	J0797	Analyst	48
E0371	J0419	Manager	34
E2209	J0296	Analyst	34
E1389	J0093	Engineer	45
E2003	J0047	Analyst	46
E1553	J0586	Engineer	33
E1309	J0798	Consultant	42
E0295	J0705	Programmer	44
E1323	J0383	Programmer	51
E2365	J0290	Programmer	28
E0444	J0511	Engineer	39
E1199	J0000	Programmer	34
E0844	J0005	Consultant	33
E2009	J0356	Engineer	56
E1763	J0808	Consultant	30
E0129	J0413	Analyst	35
E1741	J0576	Engineer	31
E1026	J0190	Programmer	34
E0573	J0939	Consultant	33
E0992	J0410	Manager	44
E1079	J0988	Programmer	46
E1083	J0113	Analyst	27
E1717	J0104	Analyst	53
E1859	J0580	Engineer	49
E1130	J0237	Manager	44
E0292	J0508	Manager	34
E2239	J0039	Engineer	46
E2222	J0276	Consultant	45
E1814	J0975	Analyst	33
E1275	J0989	Manager	32
E1418	J0928	Programmer	44
E1380	J0928	Consultant	35
E0884	J0199	Manager	41
E1939	J0108	Programmer	42
E0130	J0374	Manager	37
E1195	J0906	Programmer	46
E1024	J0401	Programmer	49
E0183	J0362	Manager	34
E1218	J0719	Engineer	34
E0930	J0360	Programmer	55
E1259	J0026	Manager	41
E1656	J0773	Programmer	38
E1589	J0825	Programmer	49
E0727	J0475	Manager	33
E0385	J0988	Consultant	60
E1998	J0700	Programmer	45
E2288	J0344	Analyst	25
E0177	J0029	Engineer	41
E0383	J0083	Manager	40
E2139	J0416	Programmer	50
E1447	J0472	Engineer	37
E1856	J0273	Consultant	29
E1672	J0842	Programmer	20
E0135	J0683	Programmer	29
E1352	J0737	Engineer	43
E1836	J0217	Programmer	23
E1539	J0187	Analyst	55
E0824	J0482	Programmer	48
E1680	J0967	Manager	25
E1069	J0556	Engineer	47
E2460	J0533	Manager	42
E0119	J0564	Analyst	25
E1340	J0841	Manager	35
E2187	J0861	Analyst	39
E1288	J0282	Consultant	43
E0034	J0721	Analyst	31
E2384	J0394	Analyst	32
E0001	J0279	Manager	33
E1911	J0870	Analyst	33
E1166	J0027	Programmer	46
E1126	J0678	Manager	33
E2373	J0130	Engineer	31
E1391	J0723	Manager	24
E2181	J0170	Programmer	38
E1205	J0509	Manager	42
E0078	J0281	Analyst	54
E1969	J0596	Engineer	27
E1367	J0174	Manager	48
E2343	J0152	Manager	28
E0389	J0824	Manager	62
E1879	J0426	Consultant	24
E2111	J0295	Programmer	46
E1198	J0955	Manager	34
E0241	J0829	Programmer	20
E1479	J0806	Engineer	38
E0706	J0915	Manager	38
E1776	J0509	Consultant	65
E0287	J0803	Programmer	18
E0575	J0509	Programmer	31
E2390	J0903	Programmer	52
E0183	J0149	Consultant	35
E0545	J0871	Manager	21
E0755	J0414	Consultant	26
E0453	J0674	Programmer	49
E0437	J0739	Consultant	21
E0399	J0789	Consultant	32
E1679	J0264	Manager	52
E1322	J0646	Analyst	48
E1739	J0449	Manager	39
E0860	J0780	Engineer	31
E0009	J0693	Analyst	32
E0766	J0127	Analyst	55
E0898	J0592	Manager	39
E1200	J0428	Programmer	35
E2230	J0011	Manager	44
E1707	J0537	Analyst	66
E0676	J0002	Engineer	36
E1911	J0308	Engineer	49
E0514	J0005	Engineer	25
E1126	J0117	Consultant	46
E1907	J0276	Manager	45
E0858	J0698	Programmer	37
E1639	J0006	Analyst	60
E1524	J0882	Engineer	37
E1248	J0762	Programmer	24
E2072	J0420	Analyst	47
E0207	J0805	Consultant	32
E0520	J0650	Analyst	34
E1816	J0254	Consultant	29
E1999	J0783	Manager	54
E0319	J0438	Analyst	32
E0162	J0821	Consultant	37
E1510	J0447	Analyst	29
E0055	J0489	Analyst	42
E2397	J0149	Analyst	45
E0210	J0489	Engineer	38
E0731	J0378	Analyst	40
E0580	J0577	Analyst	22
E1668	J0716	Manager	23
E0423	J0053	Consultant	50
E2288	J0077	Programmer	36
E2433	J0337	Engineer	27
E1762	J0922	Consultant	23
E1264	J0759	Consultant	45
E0181	J0669	Manager	46
E2053	J0663	Engineer	17
E1569	J0416	Analyst	18
E1966	J0909	Consultant	41
E2170	J0226	Engineer	33
E2424	J0266	Manager	35
E0239	J0239	Analyst	25
E2300	J0218	Analyst	32
E1583	J0349	Analyst	41
E2186	J0052	Analyst	44
E1376	J0945	Engineer	31
E2456	J0452	Consultant	37
E1800	J0478	Analyst	38
E2025	J0246	Engineer	27
E1292	J0132	Programmer	53
E1754	J0041	Engineer	20
E1489	J0319	Consultant	41
E0637	J0481	Programmer	42
E1766	J0840	Programmer	44
E1264	J0292	Engineer	32
E1922	J0931	Analyst	53
E1214	J0130	Consultant	36
E0531	J0039	Engineer	34
E1538	J0849	Engineer	49
E0804	J0638	Programmer	39
E0690	J0668	Engineer	27
E1924	J0732	Engineer	38
E1170	J0890	Engineer	34
E2455	J0460	Engineer	45
E1103	J0503	Consultant	37
E1587	J0348	Engineer	31
E1833	J0201	Manager	32
E0809	J0270	Manager	39
E0410	J0110	Engineer	38
E1619	J0439	Consultant	39
E1855	J0850	Consultant	48
E1971	J0104	Analyst	29
E0297	J0508	Manager	40
E0683	J0125	Manager	30
E2119	J0600	Analyst	54
E2328	J0738	Manager	40
E1584	J0261	Programmer	41
E1537	J0938	Engineer	34
E2174	J0782	Consultant	49
E1219	J0053	Programmer	44
E1003	J0918	Manager	27
E0104	J0398	Consultant	44
E2443	J0105	Engineer	38
E2226	J0862	Manager	58
E0917	J0013	Consultant	40
E2286	J0625	Consultant	60
E1190	J0069	Manager	60
E2286	J0687	Programmer	43
E1469	J0500	Analyst	39
E2211	J0768	Consultant	34
E0430	J0493	Programmer	29
E1645	J0806	Manager	56
E1753	J0915	Analyst	40
E0183	J0869	Programmer	22
E2025	J0718	Engineer	43
E2183	J0401	Engineer	32
E0845	J0419	Engineer	48
E1219	J0935	Programmer	55
E2478	J0409	Engineer	28
E0865	J0780	Programmer	34
E1913	J0411	Manager	58
E1332	J0568	Manager	29
E1390	J0994	Engineer	38
E0158	J0167	Consultant	21
E0143	J0523	Programmer	38
E1079	J0069	Programmer	51
E1381	J0558	Consultant	31
E1167	J0847	Consultant	56
E2404	J0357	Engineer	29
E0404	J0752	Consultant	43
E1595	J0708	Manager	49
E1289	J0328	Analyst	49
E1273	J0729	Programmer	44
E1185	J0620	Programmer	43
E0030	J0153	Programmer	30
E0174	J0567	Manager	42
E2047	J0072	Consultant	32
E2350	J0914	Analyst	35
E0038	J0254	Consultant	35
E1093	J0154	Manager	21
E1926	J0355	Analyst	26
E0622	J0929	Engineer	40
E2418	J0981	Analyst	34
E1418	J0026	Engineer	24
E1736	J0436	Analyst	26
E1714	J0586	Consultant	38
E0097	J0641	Engineer	52
E1645	J0620	Manager	37
E0847	J0924	Analyst	35
E1965	J0123	Programmer	50
E0190	J0327	Manager	46
E2090	J0699	Programmer	27
E1446	J0684	Consultant	33
E2052	J0016	Manager	53
E2436	J0672	Programmer	27
E0359	J0354	Manager	26
E1540	J0243	Analyst	41
E0752	J0850	Analyst	37
E1859	J0657	Manager	21
E0965	J0729	Analyst	55
E1352	J0697	Engineer	42
E1179	J0249	Manager	49
E1133	J0729	Programmer	50
E1252	J0925	Programmer	34
E1680	J0056	Consultant	35
E1001	J0650	Programmer	37
E0698	J0866	Engineer	35
E1963	J0285	Programmer	39
E0023	J0546	Manager	42
E0149	J0578	Engineer	44
E1436	J0631	Engineer	60
E2058	J0039	Analyst	47
E0798	J0115	Manager	45
E0316	J0795	Analyst	30
E0983	J0946	Engineer	32
E0499	J0323	Consultant	28
E0329	J0923	Engineer	34
E0010	J0180	Analyst	52
E1318	J0268	Engineer	34
E0367	J0047	Programmer	18
E0521	J0991	Manager	44
E0167	J0155	Programmer	39
E1435	J0286	Consultant	49
E2326	J0410	Analyst	31
E1308	J0594	Consultant	35
E1009	J0928	Manager	30
E0215	J0742	Consultant	30
E0453	J0384	Analyst	43
E0210	J0798	Analyst	32
E0749	J0440	Consultant	47
E0580	J0001	Engineer	39
E1003	J0061	Engineer	47
E0471	J0421	Engineer	36
E2116	J0401	Engineer	24
E0304	J0644	Consultant	22
E0300	J0687	Programmer	42
E2198	J0573	Manager	42
E1833	J0848	Consultant	47
E1055	J0707	Manager	39
E0723	J0241	Analyst	31
E0574	J0427	Programmer	53
E2439	J0294	Engineer	20
E1604	J0478	Analyst	34
E0292	J0800	Programmer	52
E1178	J0356	Engineer	37
E1412	J0541	Programmer	52
E1898	J0209	Consultant	44
E1740	J0573	Manager	23
E1873	J0563	Engineer	33
E0741	J0870	Programmer	21
E1015	J0249	Analyst	25
E0516	J0307	Programmer	46
E1378	J0305	Analyst	44
E1531	J0563	Engineer	26
E0215	J0921	Manager	37
E0325	J0387	Engineer	33
E0384	J0182	Engineer	34
E0721	J0885	Analyst	36
E2352	J0422	Manager	47
E0560	J0864	Manager	38
E1133	J0525	Manager	31
E2310	J0403	Consultant	41
E0088	J0511	Consultant	24
E2207	J0906	Engineer	25
E0364	J0443	Analyst	47
E0486	J0874	Consultant	26
E1620	J0794	Consultant	39
E0247	J0887	Programmer	65
E0548	J0979	Engineer	33
E1366	J0000	Programmer	41
E2465	J0451	Manager	49
E0187	J0310	Consultant	36
E0326	J0190	Engineer	61
E2417	J0360	Programmer	43
E1167	J0241	Programmer	33
E1714	J0281	Analyst	40
E0969	J0313	Programmer	-10
E0257	J0564	Engineer	41
E2385	J0364	Analyst	34
E0723	J0904	Programmer	34
E1633	J0329	Manager	36
E2087	J0921	Programmer	29
E2078	J0009	Manager	51
E1332	J0872	Manager	44
E1971	J0367	Manager	23
E1964	J0202	Analyst	50
E2111	J0192	Engineer	48
E2269	J0002	Manager	57
E1697	J0637	Consultant	47
E2309	J0677	Programmer	60
E2001	J0234	Consultant	33
E1855	J0888	Manager	60
E1810	J0398	Programmer	42
E1526	J0660	Analyst	32
E0140	J0406	Manager	41
E2058	J0856	Manager	32
E1237	J0978	Consultant	38
E1228	J0332	Manager	28
E0908	J0800	Analyst	39
E1585	J0483	Consultant	30
E0741	J0125	Analyst	53
E1040	J0135	Engineer	55
E1692	J0827	Consultant	40
E0630	J0551	Programmer	51
E0704	J0357	Programmer	40
E1694	J0440	Programmer	48
E1938	J0691	Analyst	32
E0189	J0064	Engineer	37
E1056	J0426	Manager	33
E0696	J0485	Manager	51
E0722	J0075	Consultant	34
E0573	J0704	Programmer	23
E0547	J0216	Analyst	29
E0259	J0085	Programmer	57
E2444	J0723	Engineer	38
E2262	J0032	Analyst	36
E0069	J0646	Programmer	26
E0997	J0595	Consultant	45
E1241	J0373	Analyst	53
E0085	J0952	Engineer	77
E0759	J0866	Engineer	44
E0650	J0771	Analyst	42
E1877	J0967	Programmer	45
E2470	J0958	Engineer	51
E0119	J0511	Manager	44
E1133	J0998	Analyst	28
E2221	J0733	Analyst	30
E0658	J0751	Analyst	46
E0403	J0042	Engineer	32
E1404	J0395	Programmer	39
E2244	J0827	Consultant	30
E0204	J0558	Consultant	42
E0600	J0414	Analyst	31
E1010	J0079	Programmer	39
E0799	J0861	Consultant	41
E1625	J0334	Analyst	44
E0622	J0771	Programmer	42
E1079	J0669	Consultant	45
E1980	J0941	Engineer	51
E1863	J0652	Manager	44
E1019	J0275	Manager	31
E0063	J0847	Engineer	45
E1131	J0096	Programmer	35
E0758	J0675	Analyst	34
E1307	J0377	Engineer	32
E0587	J0427	Analyst	57
E1776	J0427	Analyst	47
E0452	J0782	Engineer	40
E1942	J0525	Consultant	49
E0934	J0076	Analyst	34
E0839	J0893	Manager	47
E0691	J0163	Engineer	38
E1732	J0295	Consultant	27
E1033	J0614	Engineer	37
E0973	J0725	Engineer	42
E1354	J0877	Manager	40
E0298	J0673	Engineer	46
E0215	J0720	Analyst	32
E1175	J0691	Manager	38
E0088	J0373	Engineer	24
E2119	J0774	Manager	48
E0284	J0979	Analyst	36
E0385	J0830	Analyst	24
E0289	J0322	Manager	30
E0548	J0869	Analyst	41
E2317	J0837	Consultant	40
E1565	J0107	Manager	50
E2370	J0700	Consultant	53
E1024	J0408	Analyst	42
E1378	J0467	Analyst	40
E0697	J0604	Manager	25
E2296	J0505	Manager	51
E0528	J0141	Consultant	27
E0001	J0333	Programmer	41
E0748	J0532	Programmer	37
E1669	J0602	Analyst	33
E0306	J0624	Analyst	39
E1358	J0188	Manager	31
E1452	J0456	Consultant	34
E0492	J0271	Consultant	34
E0956	J0521	Programmer	46
E0397	J0017	Programmer	34
E0506	J0975	Engineer	34
E2234	J0936	Engineer	25
E0633	J0968	Engineer	48
E1993	J0395	Manager	45
E0093	J0505	Consultant	19
E1951	J0963	Programmer	52
E1481	J0659	Consultant	38
E1761	J0532	Manager	54
E2193	J0877	Consultant	46
E0710	J0811	Consultant	39
E0677	J0341	Consultant	39
E1655	J0273	Analyst	50
E1053	J0630	Engineer	36
E1122	J0507	Analyst	41
E0179	J0235	Consultant	32
E0920	J0234	Manager	44
E0531	J0738	Analyst	41
E1738	J0000	Analyst	36
E0550	J0940	Engineer	51
E0581	J0007	Engineer	44
E0409	J0169	Manager	34
E1891	J0788	Engineer	42
E0721	J0388	Engineer	45
E2028	J0332	Programmer	52
E2413	J0168	Engineer	41
E0943	J0130	Programmer	24
E1601	J0925	Programmer	53
E0982	J0813	Programmer	40
E0164	J0906	Manager	29
E0415	J0776	Consultant	57
E2033	J0924	Consultant	36
E1063	J0411	Consultant	32
E2256	J0323	Programmer	28
E2162	J0489	Programmer	47
E1781	J0484	Consultant	36
E0917	J0252	Manager	40
E0747	J0069	Engineer	26
E1297	J0687	Manager	47
E1958	J0114	Analyst	35
E0525	J0211	Consultant	42
E0453	J0275	Consultant	41
E0851	J0583	Engineer	38
E0860	J0573	Programmer	29
E0717	J0150	Programmer	37
E1272	J0099	Engineer	34
E2020	J0148	Manager	35
E1430	J0037	Consultant	72
E0197	J0880	Engineer	35
E2275	J0437	Engineer	54
E1163	J0960	Consultant	32
E0552	J0070	Programmer	50
E0034	J0392	Manager	15
E0691	J0120	Consultant	43
E1204	J0625	Manager	30
E1407	J0312	Consultant	31
E1219	J0774	Programmer	27
E0133	J0237	Consultant	32
E1700	J0539	Analyst	13
E2039	J0393	Engineer	38
E0240	J0639	Engineer	52
E0331	J0577	Programmer	17
E0657	J0541	Analyst	13
E1801	J0252	Manager	11
E0469	J0032	Analyst	34
E0232	J0074	Manager	38
E1335	J0340	Engineer	43
E2393	J0805	Programmer	37
E0244	J0168	Analyst	43
E0418	J0076	Analyst	43
E0113	J0929	Programmer	52
E0641	J0747	Analyst	24
E1936	J0051	Engineer	35
E2059	J0542	Programmer	51
E2476	J0027	Programmer	43
E2376	J0398	Consultant	40
E1869	J0536	Engineer	29
E1801	J0157	Engineer	32
E1505	J0552	Programmer	43
E0331	J0643	Manager	48
E0356	J0134	Manager	46
E0059	J0589	Programmer	42
E2496	J0336	Manager	55
E1776	J0123	Programmer	33
E2205	J0279	Consultant	42
E1865	J0317	Consultant	34
E1677	J0178	Manager	41
E0198	J0905	Programmer	34
E1603	J0249	Engineer	40
E1305	J0942	Programmer	50
E1715	J0735	Programmer	35
E1419	J0608	Engineer	37
E1853	J0287	Manager	50
E0928	J0996	Manager	29
E0093	J0767	Manager	46
E1516	J0658	Analyst	36
E0928	J0761	Consultant	47
E0306	J0974	Consultant	34
E0559	J0166	Engineer	30
E2247	J0377	Engineer	53
E1967	J0782	Analyst	33
E1874	J0539	Consultant	39
E1559	J0445	Analyst	36
E0605	J0229	Manager	46
E0833	J0298	Manager	46
E1029	J0630	Analyst	47
E0811	J0670	Consultant	35
E2236	J0722	Consultant	32
E1360	J0576	Engineer	56
E0063	J0446	Engineer	18
E0867	J0364	Programmer	41
E0262	J0566	Consultant	53
E1998	J0669	Analyst	57
E1076	J0254	Engineer	41
E2396	J0307	Engineer	34
E0050	J0105	Programmer	37
E1505	J0950	Engineer	51
E0161	J0587	Engineer	18
E0284	J0188	Programmer	39
E0585	J0602	Manager	40
E0414	J0052	Consultant	42
E1885	J0865	Manager	28
E1183	J0819	Manager	61
E1476	J0807	Manager	54
E0755	J0728	Programmer	26
E1806	J0320	Engineer	35
E2275	J0967	Consultant	49
E2384	J0588	Engineer	42
E1274	J0738	Analyst	53
E2258	J0678	Engineer	41
E0945	J0531	Consultant	36
E0690	J0746	Manager	24
E1805	J0370	Manager	35
E0447	J0313	Programmer	38
E0499	J0948	Analyst	43
E1113	J0624	Programmer	50
E1121	J0427	Engineer	43
E0457	J0096	Analyst	37
E0351	J0040	Programmer	49
E1863	J0270	Analyst	37
E0682	J0010	Analyst	32
E0901	J0798	Analyst	36
E0194	J0398	Programmer	48
E0882	J0980	Consultant	41
E1796	J0651	Engineer	38
E2229	J0813	Manager	43
E1216	J0053	Analyst	49
E0591	J0202	Consultant	40
E1962	J0720	Analyst	40
E0938	J0936	Consultant	44
E1065	J0051	Consultant	49
E1819	J0471	Manager	32
E2184	J0514	Analyst	31
E0235	J0991	Programmer	49
E0785	J0762	Consultant	44
E2451	J0371	Manager	57
E0739	J0579	Programmer	42
E1463	J0988	Manager	43
E0162	J0513	Analyst	42
E0240	J0729	Programmer	46
E2466	J0381	Manager	30
E0968	J0958	Engineer	32
E0907	J0889	Engineer	60
E0011	J0808	Manager	39
E0245	J0409	Consultant	11
E0971	J0420	Manager	28
E1335	J0931	Consultant	50
E2310	J0173	Analyst	34
E0361	J0701	Programmer	45
E0688	J0201	Manager	44
E1958	J0140	Manager	42
E0279	J0365	Consultant	35
E1129	J0678	Manager	32
E1370	J0998	Engineer	29
E1510	J0223	Analyst	66
E1149	J0590	Analyst	38
E0614	J0235	Programmer	29
E1384	J0876	Consultant	51
E0475	J0608	Programmer	36
E0761	J0410	Programmer	29
E0836	J0984	Consultant	59
E0033	J0916	Engineer	47
E1972	J0246	Manager	50
E2435	J0458	Analyst	40
E1897	J0265	Engineer	43
E0685	J0111	Programmer	39
E0837	J0019	Analyst	62
E1646	J0588	Manager	38
E1711	J0385	Engineer	30
E1872	J0905	Programmer	43
E0101	J0446	Consultant	33
E0256	J0995	Programmer	28
E0093	J0910	Analyst	62
E1973	J0961	Programmer	34
E1477	J0211	Engineer	27
E1007	J0680	Consultant	47
E1788	J0469	Programmer	53
E1921	J0863	Engineer	38
E2267	J0493	Consultant	44
E1504	J0283	Analyst	31
E1732	J0366	Manager	46
E0257	J0802	Engineer	32
E1597	J0909	Manager	38
E1625	J0684	Engineer	49
E1998	J0083	Engineer	40
E1880	J0145	Consultant	39
E0316	J0797	Consultant	55
E0072	J0076	Engineer	31
E0508	J0626	Engineer	40
E0270	J0755	Programmer	64
E1863	J0310	Manager	24
E1039	J0833	Consultant	37
E1701	J0814	Manager	42
E1669	J0511	Consultant	32
E2419	J0855	Consultant	41
E1839	J0983	Consultant	46
E1213	J0864	Engineer	24
E0541	J0657	Engineer	34
E1940	J0466	Programmer	45
E1165	J0636	Engineer	46
E1572	J0728	Consultant	51
E1010	J0805	Engineer	47
E0979	J0500	Consultant	33
E1526	J0028	Manager	44
E2011	J0496	Manager	36
E1507	J0814	Programmer	45
E1230	J0491	Programmer	39
E1035	J0311	Manager	39
E0456	J0059	Engineer	45
E2483	J0903	Programmer	45
E0750	J0461	Manager	38
E2134	J0445	Engineer	40
E2098	J0419	Engineer	35
E1404	J0120	Consultant	35
E2434	J0552	Engineer	34
E1761	J0187	Programmer	45
E2466	J0493	Consultant	24
E1557	J0666	Consultant	30
E0379	J0530	Engineer	36
E0979	J0251	Programmer	53
E1840	J0969	Analyst	29
E0497	J0790	Consultant	51
E0956	J0281	Engineer	42
E0106	J0894	Manager	42
E1021	J0943	Manager	57
E1176	J0633	Analyst	33
E0361	J0601	Analyst	49
E0286	J0540	Manager	36
E1066	J0262	Consultant	42
E2411	J0000	Manager	52
E0394	J0257	Manager	34
E0695	J0067	Consultant	41
E1793	J0525	Engineer	42
E1161	J0565	Programmer	37
E0845	J0250	Analyst	30
E0372	J0584	Analyst	40
E1791	J0545	Consultant	39
E2465	J0042	Programmer	23
E2456	J0553	Consultant	34
E2192	J0821	Manager	36
E0288	J0243	Programmer	37
E0352	J0608	Programmer	21
E1802	J0720	Consultant	43
E0873	J0537	Engineer	49
E1428	J0399	Programmer	37
E0286	J0543	Analyst	37
E0377	J0006	Manager	42
E1628	J0609	Manager	41
E1226	J0550	Consultant	47
E0869	J0959	Analyst	52
E0606	J0109	Analyst	30
E0067	J0920	Manager	35
E0511	J0487	Engineer	34
E0250	J0083	Analyst	35
E2327	J0410	Analyst	31
E1584	J0481	Engineer	29
E1093	J0368	Analyst	32
E0292	J0754	Consultant	44
E2376	J0662	Consultant	46
E2374	J0710	Engineer	48
E1192	J0830	Analyst	31
E0979	J0744	Consultant	38
E2086	J0655	Analyst	43
E0029	J0169	Manager	42
E1961	J0470	Consultant	47
E1064	J0468	Consultant	31
E1038	J0037	Programmer	42
E0960	J0422	Programmer	41
E0601	J0611	Programmer	66
E1215	J0380	Analyst	47
E0013	J0875	Programmer	50
E2169	J0026	Analyst	49
E0194	J0788	Manager	49
E1636	J0105	Programmer	44
E2195	J0713	Consultant	48
E0471	J0168	Manager	50
E0496	J0226	Programmer	40
E0130	J0662	Analyst	23
E0101	J0318	Consultant	54
E0762	J0185	Manager	57
E2074	J0074	Engineer	27
E0231	J0616	Consultant	44
E0220	J0854	Programmer	31
E0550	J0470	Analyst	49
E2158	J0306	Analyst	39
E0417	J0334	Engineer	32
E2028	J0655	Consultant	41
E0605	J0166	Analyst	47
E1139	J0723	Engineer	52
E0529	J0574	Manager	52
E1659	J0927	Programmer	33
E1228	J0478	Programmer	40
E2490	J0354	Consultant	38
E0745	J0672	Consultant	43
E0399	J0088	Manager	16
E2466	J0859	Consultant	25
E2137	J0274	Engineer	28
E1893	J0269	Engineer	48
E2110	J0678	Analyst	30
E1109	J0960	Manager	44
E0775	J0841	Consultant	52
E1416	J0449	Programmer	42
E1049	J0399	Manager	39
E1948	J0612	Programmer	48
E1280	J0246	Analyst	32
E0169	J0357	Manager	39
E0545	J0599	Consultant	57
E2082	J0776	Programmer	48
E0498	J0325	Analyst	43
E1084	J0160	Consultant	52
E1959	J0479	Programmer	35
E1039	J0488	Programmer	31
E0360	J0579	Analyst	45
E2357	J0984	Programmer	35
E2042	J0721	Engineer	43
E1560	J0459	Manager	49
E2231	J0892	Consultant	40
E1079	J0498	Programmer	37
E2252	J0009	Analyst	7
E1247	J0577	Analyst	40
E0643	J0463	Programmer	43
E0809	J0198	Engineer	32
E1337	J0026	Programmer	60
E0509	J0123	Manager	49
E1520	J0012	Engineer	53
E1801	J0677	Programmer	36
E1720	J0613	Manager	39
E1764	J0217	Consultant	34
E2148	J0351	Engineer	46
E0308	J0160	Manager	28
E0448	J0025	Manager	53
E1566	J0850	Engineer	38
E1839	J0351	Programmer	34
E1098	J0385	Consultant	42
E1777	J0763	Programmer	34
E1805	J0626	Programmer	45
E2480	J0807	Manager	45
E0502	J0258	Engineer	40
E1062	J0660	Manager	39
E1608	J0046	Analyst	50
E0029	J0775	Programmer	44
E0509	J0074	Programmer	53
E1169	J0319	Manager	45
E2224	J0349	Consultant	45
E0757	J0936	Engineer	40
E0075	J0317	Analyst	48
E0121	J0824	Programmer	39
E1570	J0122	Consultant	32
E1803	J0041	Consultant	27
E0586	J0416	Programmer	18
E0651	J0142	Engineer	53
E0805	J0751	Manager	64
E0528	J0448	Analyst	44
E0039	J0882	Analyst	39
E0985	J0329	Programmer	34
E0990	J0756	Manager	40
E0419	J0247	Programmer	36
E2117	J0286	Engineer	47
E2249	J0256	Programmer	37
E2241	J0506	Analyst	30
E1183	J0436	Programmer	25
E0464	J0880	Analyst	43
E2351	J0064	Programmer	35
E2399	J0321	Analyst	29
E1715	J0909	Analyst	28
E1648	J0675	Manager	57
E0974	J0010	Engineer	39
E0169	J0501	Consultant	36
E1067	J0318	Engineer	34
E2215	J0460	Manager	24
E1337	J0817	Engineer	37
E0187	J0034	Consultant	37
E0136	J0239	Manager	49
E1399	J0504	Engineer	35
E1462	J0210	Analyst	45
E2338	J0481	Analyst	39
E1631	J0591	Consultant	52
E2346	J0234	Consultant	44
E2285	J0053	Programmer	44
E0358	J0744	Programmer	51
E1478	J0305	Consultant	14
E2430	J0993	Programmer	45
E2164	J0238	Consultant	42
E1660	J0522	Manager	48
E0480	J0804	Manager	42
E2126	J0080	Consultant	61
E0518	J0441	Engineer	37
E2233	J0005	Engineer	49
E1738	J0259	Programmer	26
E1185	J0303	Programmer	40
E0445	J0741	Engineer	48
E2217	J0061	Consultant	33
E1161	J0198	Engineer	50
E0308	J0168	Manager	33
E2428	J0279	Analyst	59
E0868	J0807	Manager	40
E0576	J0269	Consultant	39
E1506	J0879	Programmer	53
E1861	J0843	Programmer	55
E2139	J0209	Consultant	37
E0476	J0817	Manager	55
E1138	J0798	Consultant	36
E0129	J0514	Engineer	34
E1449	J0386	Manager	42
E1221	J0379	Manager	31
E1386	J0287	Manager	45
E2092	J0050	Analyst	41
E2462	J0029	Consultant	54
E1429	J0922	Engineer	16
E1282	J0015	Manager	36
E2208	J0299	Engineer	50
E1845	J0265	Programmer	50
E0014	J0382	Programmer	54
E2321	J0828	Consultant	50
E1840	J0117	Manager	58
E1791	J0728	Engineer	36
E2032	J0141	Engineer	43
E0688	J0682	Analyst	55
E0916	J0989	Consultant	44
E1637	J0702	Consultant	53
E2145	J0274	Analyst	45
E0239	J0755	Programmer	21
E0943	J0663	Engineer	37
E0667	J0529	Analyst	57
E0611	J0454	Consultant	21
E1816	J0002	Engineer	43
E1256	J0781	Engineer	50
E0835	J0929	Consultant	51
E0087	J0048	Manager	51
E2360	J0290	Programmer	23
E0421	J0926	Consultant	34
E0038	J0963	Programmer	49
E1717	J0025	Analyst	47
E0582	J0163	Engineer	48
E0266	J0547	Manager	16
E2096	J0174	Consultant	51
E1956	J0590	Manager	29
E2267	J0291	Manager	44
E1143	J0637	Engineer	10
E1664	J0297	Consultant	48
E2107	J0567	Analyst	54
E1265	J0760	Consultant	66
E1115	J0110	Engineer	60
E0273	J0966	Consultant	38
E1945	J0225	Consultant	31
E0686	J0733	Programmer	38
E2041	J0943	Engineer	45
E0717	J0022	Consultant	53
E2183	J0462	Analyst	40
E2470	J0477	Programmer	46
E0824	J0389	Programmer	60
E0341	J0303	Analyst	42
E2113	J0779	Analyst	47
E0011	J0700	Analyst	44
E0505	J0715	Manager	31
E2353	J0231	Engineer	32
E1135	J0550	Consultant	48
E1264	J0828	Consultant	35
E1455	J0848	Engineer	38
E1169	J0152	Consultant	30
E1258	J0607	Manager	50
E0426	J0547	Manager	34
E0034	J0337	Analyst	42
E2308	J0409	Engineer	39
E1602	J0358	Programmer	33
E2198	J0170	Analyst	41
E1717	J0961	Manager	39
E0706	J0078	Engineer	66
E0601	J0653	Analyst	35
E1272	J0829	Analyst	36
E0174	J0886	Analyst	26
E1314	J0037	Engineer	35
E2475	J0922	Manager	38
E1001	J0092	Consultant	39
E1590	J0188	Programmer	52
E2359	J0522	Consultant	30
E0225	J0989	Programmer	50
E2076	J0894	Programmer	24
E2318	J0450	Consultant	41
E1440	J0989	Programmer	17
E1922	J0938	Consultant	44
E1766	J0902	Programmer	23
E1192	J0660	Engineer	30
E0575	J0302	Consultant	63
E0528	J0381	Programmer	41
E1569	J0252	Consultant	58
E0340	J0536	Engineer	38
E2226	J0398	Programmer	50
E0611	J0154	Analyst	34
E0112	J0215	Engineer	45
E0704	J0132	Manager	44
E1762	J0408	Analyst	46
E1161	J0549	Consultant	43
E1651	J0840	Manager	63
E1446	J0594	Programmer	27
E0133	J0815	Consultant	62
E0853	J0682	Engineer	31
E2401	J0852	Analyst	44
E0643	J0062	Consultant	40
E0267	J0148	Analyst	32
E1859	J0438	Programmer	36
E2312	J0882	Engineer	43
E1594	J0825	Consultant	48
E0015	J0362	Manager	41
E0411	J0646	Analyst	47
E2177	J0413	Consultant	42
E1131	J0133	Manager	23
E1548	J0723	Analyst	33
E1393	J0639	Programmer	36
E1861	J0826	Engineer	63
E0895	J0404	Engineer	35
E0111	J0899	Programmer	36
E1943	J0604	Consultant	36
E2487	J0180	Manager	38
E2137	J0077	Analyst	30
E0817	J0594	Programmer	26
E1903	J0194	Programmer	51
E0185	J0377	Programmer	39
E1572	J0838	Manager	35
E0280	J0065	Engineer	35
E1817	J0933	Programmer	45
E2142	J0553	Consultant	47
E0696	J0074	Consultant	3
E1083	J0836	Engineer	37
E2452	J0882	Manager	33
E1571	J0621	Engineer	39
E0792	J0011	Analyst	43
E0645	J0715	Consultant	54
E2118	J0543	Engineer	48
E2191	J0115	Programmer	48
E2440	J0061	Engineer	44
E0338	J0742	Programmer	30
E0081	J0420	Analyst	34
E1037	J0566	Consultant	31
E0159	J0990	Analyst	32
E1304	J0332	Consultant	36
E1134	J0676	Analyst	29
E0283	J0730	Manager	38
E0426	J0853	Manager	42
E1898	J0677	Manager	57
E2045	J0674	Programmer	48
E1580	J0447	Programmer	45
E1361	J0597	Consultant	29
E1856	J0852	Programmer	31
E2129	J0795	Analyst	32
E0263	J0271	Programmer	33
E0006	J0766	Analyst	25
E0422	J0329	Engineer	49
E0076	J0560	Programmer	34
E1423	J0030	Analyst	49
E2497	J0562	Programmer	33
E2213	J0059	Manager	53
E0986	J0753	Consultant	48
E2348	J0624	Manager	50
E0238	J0764	Consultant	38
E2194	J0276	Engineer	41
E1820	J0844	Programmer	46
E2329	J0611	Engineer	32
E1690	J0581	Consultant	28
E1309	J0086	Engineer	39
E0361	J0053	Consultant	33
E1743	J0279	Analyst	30
E0066	J0486	Manager	44
E0182	J0477	Engineer	34
E2123	J0620	Engineer	24
E0085	J0477	Engineer	43
E1333	J0020	Programmer	40
E0311	J0805	Programmer	26
E1625	J0940	Engineer	38
E0967	J0856	Analyst	45
E1358	J0275	Programmer	40
E1445	J0068	Engineer	29
E0020	J0350	Analyst	28
E1023	J0266	Engineer	36
E1890	J0848	Programmer	31
E1751	J0900	Consultant	36
E1545	J0753	Manager	30
E1417	J0798	Programmer	54
E0608	J0659	Analyst	30
E0027	J0750	Analyst	47
E0097	J0656	Programmer	63
E1231	J0349	Consultant	51
E0831	J0924	Programmer	36
E1772	J0760	Programmer	35
E2371	J0174	Programmer	37
E1365	J0729	Engineer	44
E2321	J0603	Consultant	36
E1054	J0007	Programmer	55
E0169	J0499	Consultant	47
E1868	J0115	Programmer	6
E2377	J0599	Programmer	36
E1427	J0615	Analyst	22
E0424	J0578	Engineer	55
E1508	J0121	Consultant	47
E1775	J0348	Consultant	34
E2437	J0656	Consultant	33
E1604	J0715	Manager	36
E0626	J0126	Manager	40
E0570	J0695	Manager	31
E2062	J0448	Programmer	51
E1271	J0437	Engineer	50
E0663	J0821	Analyst	51
E0740	J0659	Consultant	43
E1304	J0773	Consultant	43
E2282	J0672	Manager	58
E2395	J0452	Analyst	26
E0864	J0820	Analyst	43
E1583	J0904	Manager	36
E1080	J0219	Engineer	22
E0168	J0034	Consultant	50
E1091	J0707	Programmer	44
E2026	J0266	Programmer	43
E1956	J0951	Engineer	42
E0064	J0847	Manager	32
E2110	J0347	Manager	47
E1109	J0102	Consultant	29
E1387	J0789	Analyst	24
E0454	J0366	Consultant	39
E2460	J0155	Manager	44
E1243	J0194	Engineer	39
E2088	J0896	Consultant	38
E1488	J0695	Engineer	38
E0543	J0894	Programmer	44
E2074	J0592	Consultant	48
E0217	J0207	Analyst	43
E2297	J0645	Manager	44
E1837	J0598	Manager	14
E0214	J0162	Engineer	36
E0930	J0503	Manager	58
E2184	J0635	Engineer	33
E2099	J0260	Manager	52
E0371	J0879	Engineer	27
E1582	J0062	Programmer	41
E0865	J0610	Engineer	8
E0653	J0200	Consultant	39
E0463	J0222	Manager	44
E2367	J0672	Programmer	59
E2366	J0178	Manager	25
E0788	J0456	Analyst	51
E1524	J0869	Analyst	56
E1358	J0942	Analyst	43
E0409	J0258	Manager	35
E0267	J0277	Analyst	50
E0870	J0649	Engineer	30
E2006	J0770	Engineer	56
E1631	J0628	Manager	39
E1466	J0325	Programmer	42
E2054	J0298	Analyst	30
E2059	J0459	Manager	37
E1012	J0867	Consultant	46
E1339	J0294	Analyst	51
E1356	J0338	Manager	50
E1058	J0624	Analyst	40
E1423	J0328	Engineer	45
E1098	J0810	Analyst	35
E0055	J0706	Engineer	28
E0990	J0729	Manager	48
E2495	J0118	Programmer	43
E1057	J0239	Analyst	49
E0425	J0780	Analyst	49
E0153	J0097	Consultant	47
E1684	J0116	Manager	20
E0578	J0217	Engineer	57
E0617	J0242	Programmer	38
E0777	J0200	Analyst	48
E1107	J0383	Consultant	44
E1343	J0386	Analyst	26
E1973	J0810	Programmer	37
E2002	J0923	Analyst	22
E2464	J0997	Engineer	30
E1976	J0077	Consultant	49
E2006	J0063	Analyst	17
E1582	J0657	Analyst	26
E0905	J0446	Programmer	23
E0888	J0643	Manager	41
E2293	J0661	Programmer	28
E2280	J0514	Analyst	66
E1244	J0005	Programmer	38
E1649	J0302	Manager	50
E0725	J0423	Consultant	22
E0901	J0020	Programmer	46
E2176	J0328	Engineer	28
E1271	J0496	Analyst	49
E2347	J0051	Programmer	49
E0048	J0961	Engineer	48
E1044	J0952	Manager	35
E1940	J0215	Programmer	41
E2396	J0363	Programmer	57
E1977	J0028	Programmer	34
E0698	J0020	Programmer	34
E2481	J0905	Programmer	60
E1253	J0660	Engineer	30
E1677	J0751	Manager	38
E1006	J0720	Manager	35
E1190	J0593	Engineer	33
E2333	J0283	Consultant	36
E0200	J0319	Programmer	37
E1678	J0500	Consultant	49
E0836	J0670	Consultant	38
E2474	J0218	Consultant	33
E1393	J0361	Engineer	44
E0576	J0036	Programmer	30
E0241	J0642	Engineer	35
E0038	J0605	Analyst	59
E0175	J0454	Programmer	34
E1607	J0584	Programmer	49
E1595	J0066	Consultant	32
E0393	J0498	Manager	32
E1806	J0439	Consultant	39
E0502	J0156	Programmer	45
E1737	J0709	Manager	54
E0053	J0282	Engineer	55
E0829	J0696	Analyst	51
E1705	J0947	Analyst	45
E2362	J0830	Engineer	38
E0957	J0769	Consultant	39
E0544	J0857	Programmer	35
E0902	J0008	Manager	43
E0368	J0652	Consultant	41
E2408	J0751	Manager	31
E1744	J0668	Manager	37
E2009	J0399	Manager	41
E2019	J0276	Manager	22
E2336	J0446	Manager	47
E2104	J0444	Consultant	32
E1562	J0330	Programmer	37
E1041	J0411	Engineer	36
E2404	J0014	Manager	57
E1804	J0439	Analyst	35
E0370	J0894	Consultant	31
E0501	J0543	Consultant	48
E2050	J0862	Programmer	54
E0007	J0408	Analyst	31
E0976	J0945	Programmer	60
E0974	J0002	Engineer	34
E1609	J0478	Analyst	38
E0538	J0870	Manager	48
E1842	J0962	Analyst	53
E1761	J0741	Programmer	14
E1885	J0403	Engineer	42
E0284	J0723	Analyst	42
E0086	J0355	Manager	52
E0098	J0832	Analyst	33
E2234	J0989	Analyst	44
E1185	J0240	Analyst	37
E1891	J0584	Analyst	16
E2249	J0203	Consultant	59
E1613	J0828	Manager	40
E1375	J0681	Manager	49
E1624	J0484	Analyst	49
E0634	J0104	Consultant	40
E0725	J0470	Engineer	36
E1706	J0230	Analyst	27
E0072	J0114	Manager	29
E1624	J0377	Engineer	25
E2004	J0856	Consultant	36
E0272	J0163	Engineer	43
E2015	J0606	Engineer	54
E0940	J0379	Analyst	48
E0457	J0774	Analyst	40
E0936	J0819	Programmer	39
E0960	J0301	Analyst	43
E1180	J0319	Programmer	49
E0416	J0977	Engineer	18
E1317	J0761	Analyst	40
E1513	J0007	Manager	44
E2443	J0433	Analyst	45
E2378	J0825	Consultant	33
E1529	J0345	Engineer	33
E0933	J0188	Analyst	35
E0576	J0344	Manager	43
E2479	J0519	Analyst	41
E0592	J0407	Consultant	50
E2043	J0381	Programmer	35
E0460	J0652	Manager	35
E0660	J0037	Analyst	40
E1759	J0241	Manager	27
E0257	J0104	Manager	29
E2022	J0412	Analyst	50
E1063	J0741	Manager	31
E2363	J0431	Engineer	45
E2005	J0843	Analyst	25
E1069	J0114	Manager	38
E2385	J0152	Programmer	42
E2145	J0663	Manager	55
E1768	J0979	Programmer	37
E1279	J0260	Manager	13
E1220	J0390	Manager	32
E0856	J0253	Manager	39
E1520	J0739	Manager	39
E1501	J0901	Programmer	39
E1134	J0196	Manager	33
E0776	J0828	Analyst	39
E1581	J0681	Manager	48
E0241	J0001	Analyst	54
E0707	J0456	Consultant	26
E1379	J0334	Consultant	51
E1631	J0993	Analyst	53
E2145	J0358	Programmer	43
E0078	J0189	Manager	31
E1144	J0818	Consultant	34
E1315	J0070	Programmer	27
E0007	J0792	Manager	46
E1717	J0346	Programmer	48
E0766	J0693	Consultant	29
E2381	J0304	Analyst	51
E0242	J0313	Consultant	28
E1811	J0525	Consultant	30
E1598	J0082	Programmer	41
E0027	J0198	Engineer	47
E1119	J0677	Engineer	20
E1718	J0026	Consultant	34
E0321	J0231	Analyst	17
E2193	J0699	Engineer	36
E0630	J0449	Analyst	42
E2262	J0982	Programmer	45
E0089	J0962	Consultant	43
E1917	J0339	Analyst	43
E1200	J0185	Programmer	64
E2470	J0915	Manager	16
E0953	J0192	Programmer	37
E0473	J0254	Engineer	12
E0765	J0155	Analyst	31
E1253	J0226	Programmer	48
E0332	J0121	Programmer	62
E0192	J0702	Manager	45
E2261	J0358	Engineer	29
E1444	J0300	Programmer	19
E0254	J0622	Analyst	29
E0254	J0563	Engineer	12
E1322	J0953	Engineer	39
E1572	J0648	Analyst	40
E0514	J0606	Analyst	19
E1835	J0562	Analyst	24
E2266	J0781	Programmer	27
E1766	J0029	Engineer	35
E0559	J0255	Consultant	31
E0446	J0682	Engineer	45
E2212	J0922	Programmer	36
E1158	J0500	Programmer	34
E1694	J0813	Engineer	31
E0215	J0671	Manager	30
E2049	J0733	Consultant	42
E0603	J0344	Engineer	39
E2002	J0725	Analyst	62
E2047	J0433	Analyst	31
E2123	J0122	Consultant	20
E1178	J0511	Manager	42
E0794	J0748	Engineer	51
E1390	J0856	Manager	51
E0620	J0258	Engineer	29
E2304	J0513	Consultant	56
E2002	J0950	Manager	48
E0752	J0949	Programmer	28
E2477	J0897	Engineer	51
E1743	J0720	Manager	39
E0335	J0929	Manager	40
E0545	J0095	Analyst	30
E1354	J0795	Engineer	40
E2406	J0555	Manager	47
E1177	J0089	Programmer	53
E0938	J0533	Manager	45
E0717	J0752	Analyst	35
E0427	J0213	Manager	25
E0274	J0425	Engineer	40
E1758	J0886	Consultant	53
E2139	J0270	Manager	43
E2096	J0292	Consultant	50
E1961	J0655	Consultant	45
E1416	J0367	Consultant	41
E1561	J0913	Analyst	21
E1017	J0378	Analyst	46
E0288	J0532	Programmer	49
E0063	J0248	Manager	32
E0382	J0006	Consultant	42
E1285	J0550	Programmer	29
E0590	J0895	Manager	24
E0466	J0320	Engineer	23
E0620	J0962	Programmer	32
E1913	J0828	Programmer	36
E0616	J0079	Analyst	43
E1407	J0736	Programmer	49
E0027	J0729	Manager	47
E1023	J0017	Engineer	41
E0494	J0774	Programmer	45
E1299	J0841	Manager	48
E0985	J0592	Analyst	34
E2127	J0960	Manager	41
E2006	J0126	Analyst	33
E2486	J0036	Analyst	45
E2225	J0659	Consultant	38
E0283	J0040	Analyst	47
E0096	J0602	Analyst	23
E0627	J0404	Programmer	37
E1913	J0281	Programmer	43
E1348	J0757	Programmer	31
E2438	J0023	Analyst	35
E0959	J0871	Engineer	46
E0868	J0269	Engineer	44
E1293	J0125	Programmer	41
E1229	J0699	Consultant	25
E2228	J0877	Programmer	33
E1240	J0351	Consultant	52
E1209	J0767	Programmer	66
E0717	J0321	Programmer	15
E1421	J0932	Consultant	20
E0757	J0014	Manager	26
E0615	J0240	Consultant	31
E0807	J0206	Analyst	26
E0249	J0928	Engineer	48
E0815	J0857	Programmer	45
E2407	J0188	Consultant	49
E1591	J0531	Engineer	28
E0182	J0744	Programmer	33
E0480	J0493	Programmer	40
E0632	J0237	Programmer	41
E1561	J0388	Manager	44
E1672	J0378	Consultant	57
E0270	J0029	Analyst	53
E1714	J0151	Manager	43
E1756	J0418	Programmer	45
E1766	J0485	Analyst	45
E1055	J0625	Programmer	56
E1222	J0564	Engineer	49
E2486	J0130	Consultant	34
E2452	J0951	Programmer	37
E0215	J0203	Manager	38
E1726	J0288	Analyst	19
E2155	J0606	Analyst	36
E2251	J0526	Manager	32
E2341	J0855	Engineer	34
E1627	J0725	Engineer	20
E1079	J0855	Programmer	31
E0754	J0040	Analyst	35
E1820	J0517	Consultant	50
E2421	J0089	Programmer	32
E1212	J0543	Analyst	25
E0575	J0262	Consultant	50
E0970	J0018	Programmer	51
E0411	J0341	Manager	19
E2193	J0929	Programmer	43
E2195	J0950	Analyst	37
E2428	J0830	Manager	46
E1387	J0819	Consultant	37
E0165	J0638	Programmer	30
E0244	J0357	Manager	49
E1663	J0732	Consultant	41
E2400	J0237	Analyst	31
E2459	J0538	Manager	36
E1816	J0294	Engineer	31
E1878	J0592	Engineer	71
E0466	J0660	Manager	31
E1526	J0935	Consultant	44
E1962	J0615	Programmer	38
E0921	J0486	Consultant	45
E1395	J0028	Programmer	29
E1440	J0366	Analyst	45
E0751	J0913	Programmer	36
E2114	J0335	Engineer	34
E0732	J0774	Programmer	45
E0456	J0994	Consultant	39
E1826	J0715	Engineer	17
E1651	J0997	Consultant	46
E1445	J0966	Engineer	50
E2337	J0603	Engineer	43
E0201	J0548	Consultant	48
E0965	J0463	Analyst	41
E1315	J0021	Programmer	32
E1730	J0268	Consultant	41
E0679	J0745	Programmer	34
E1041	J0479	Engineer	63
E2368	J0243	Analyst	48
E0515	J0811	Analyst	42
E0006	J0357	Engineer	26
E1490	J0226	Analyst	42
E1182	J0456	Programmer	67
E2097	J0776	Programmer	32
E0203	J0512	Analyst	41
E0834	J0832	Engineer	50
E2327	J0286	Analyst	27
E1499	J0076	Consultant	55
E0101	J0550	Programmer	24
E1565	J0071	Engineer	55
E0502	J0100	Engineer	44
E1138	J0289	Programmer	54
E1372	J0659	Engineer	35
E2159	J0869	Engineer	22
E1818	J0365	Manager	38
E0599	J0568	Manager	36
E2006	J0151	Analyst	54
E2260	J0497	Consultant	34
E1641	J0830	Engineer	25
E1875	J0513	Consultant	54
E0630	J0707	Analyst	43
E0354	J0929	Analyst	43
E2094	J0321	Programmer	57
E1613	J0315	Consultant	56
E0537	J0834	Consultant	47
E0214	J0330	Engineer	21
E0817	J0288	Consultant	46
E0586	J0380	Manager	19
E1499	J0055	Consultant	24
E0327	J0212	Engineer	30
E2232	J0301	Consultant	43
E1256	J0845	Consultant	58
E2023	J0222	Engineer	56
E1614	J0549	Analyst	30
E0574	J0673	Engineer	51
E0642	J0430	Programmer	45
E0014	J0522	Engineer	41
E1023	J0911	Analyst	28
E2356	J0569	Programmer	45
E0894	J0337	Manager	30
E0271	J0982	Engineer	45
E2018	J0294	Consultant	41
E1199	J0630	Engineer	23
E1500	J0786	Manager	25
E2118	J0137	Consultant	41
E0170	J0294	Programmer	45
E0477	J0970	Analyst	28
E0328	J0578	Programmer	42
E0781	J0081	Analyst	40
E0052	J0491	Consultant	49
E1358	J0154	Engineer	37
E1191	J0851	Programmer	44
E0014	J0129	Programmer	42
E0699	J0048	Analyst	66
E0364	J0584	Engineer	42
E0250	J0932	Manager	31
E0006	J0809	Consultant	36
E2089	J0542	Engineer	37
E1214	J0492	Analyst	39
E1500	J0705	Engineer	26
E1834	J0043	Analyst	37
E1059	J0870	Consultant	43
E0382	J0701	Manager	25
E0748	J0379	Programmer	38
E1710	J0500	Manager	44
E2395	J0504	Programmer	46
E2116	J0314	Analyst	41
E1482	J0173	Analyst	51
E2237	J0578	Analyst	46
E0704	J0738	Engineer	47
E1149	J0788	Consultant	47
E1690	J0427	Analyst	44
E1139	J0232	Manager	43
E0313	J0476	Manager	48
E0750	J0769	Analyst	34
E0116	J0867	Consultant	61
E0658	J0973	Analyst	38
E1544	J0309	Analyst	40
E2494	J0387	Analyst	46
E1693	J0726	Manager	38
E2173	J0101	Manager	45
E0749	J0866	Engineer	34
E0921	J0829	Programmer	56
E0655	J0599	Consultant	62
E2048	J0510	Manager	31
E2354	J0966	Consultant	46
E1790	J0280	Engineer	47
E0434	J0569	Consultant	25
E2263	J0901	Programmer	49
E2442	J0070	Manager	43
E0363	J0634	Programmer	58
E0983	J0023	Programmer	54
E1204	J0023	Analyst	44
E1881	J0603	Programmer	29
E0231	J0216	Programmer	47
E1947	J0196	Programmer	33
E1817	J0484	Consultant	32
E1263	J0845	Engineer	36
E1684	J0106	Programmer	46
E0037	J0733	Analyst	33
E1878	J0900	Analyst	28
E0400	J0534	Consultant	53
E2195	J0106	Programmer	28
E2460	J0729	Programmer	42
E0843	J0778	Consultant	54
E0435	J0625	Programmer	16
E1885	J0824	Programmer	31
E0698	J0221	Manager	41
E1507	J0212	Engineer	49
E2070	J0989	Programmer	30
E2238	J0453	Manager	36
E1794	J0605	Analyst	46
E1442	J0080	Programmer	27
E2125	J0689	Consultant	41
E0829	J0046	Programmer	30
E2121	J0618	Engineer	45
E0756	J0824	Programmer	31
E2293	J0534	Programmer	27
E1902	J0363	Engineer	36
E0577	J0486	Consultant	47
E0468	J0274	Consultant	45
E2179	J0233	Consultant	52
E2242	J0969	Manager	43
E1635	J0101	Manager	33
E1313	J0108	Manager	49
E0432	J0125	Analyst	30
E1017	J0498	Programmer	28
E0790	J0336	Analyst	40
E1674	J0837	Analyst	40
E2199	J0042	Analyst	36
E2037	J0428	Engineer	47
E1147	J0154	Manager	29
E0663	J0224	Programmer	38
E0485	J0522	Programmer	40
E1235	J0707	Programmer	24
E0919	J0540	Analyst	28
E2116	J0896	Analyst	38
E2356	J0707	Engineer	42
E2297	J0749	Programmer	38
E1442	J0669	Manager	41
E0122	J0837	Consultant	41
E0631	J0555	Analyst	47
E0184	J0041	Programmer	46
E0586	J0675	Analyst	42
E2041	J0945	Analyst	36
E2135	J0496	Engineer	44
E0198	J0107	Engineer	38
E2078	J0250	Programmer	39
E0244	J0289	Programmer	65
E0021	J0720	Programmer	40
E2334	J0980	Manager	45
E0616	J0871	Programmer	46
E1010	J0621	Analyst	30
E1148	J0081	Analyst	23
E0517	J0986	Analyst	53
E0024	J0291	Manager	34
E0719	J0312	Consultant	41
E1304	J0951	Programmer	43
E1579	J0400	Manager	48
E1414	J0495	Analyst	31
E0545	J0715	Manager	30
E0365	J0443	Engineer	45
E1430	J0791	Analyst	54
E1120	J0818	Engineer	30
E0716	J0164	Programmer	35
E1656	J0909	Programmer	51
E0489	J0625	Engineer	46
E1515	J0122	Consultant	44
E1379	J0358	Analyst	33
E2105	J0209	Consultant	54
E1598	J0264	Consultant	22
E1959	J0165	Consultant	44
E0983	J0858	Manager	33
E0761	J0774	Engineer	47
E0280	J0163	Engineer	39
E1639	J0712	Programmer	45
E0191	J0977	Programmer	40
E1109	J0271	Engineer	50
E1534	J0651	Programmer	49
E0460	J0841	Analyst	45
E0879	J0518	Engineer	61
E2270	J0648	Programmer	24
E1822	J0174	Programmer	44
E0659	J0786	Manager	42
E0229	J0809	Manager	63
E1117	J0381	Manager	28
E0783	J0962	Analyst	58
E0397	J0181	Consultant	34
E1781	J0867	Analyst	50
E1210	J0597	Analyst	51
E1953	J0209	Consultant	54
E0867	J0972	Programmer	34
E1898	J0919	Manager	62
E1853	J0337	Engineer	29
E2183	J0990	Consultant	47
E0544	J0757	Manager	17
E0156	J0180	Manager	47
E1095	J0116	Analyst	31
E0592	J0330	Programmer	43
E1186	J0812	Consultant	27
E1016	J0264	Manager	23
E0064	J0699	Programmer	29
E1267	J0760	Engineer	31
E0817	J0835	Analyst	47
E1562	J0738	Analyst	51
E2397	J0365	Analyst	44
E1487	J0804	Manager	38
E0470	J0443	Programmer	47
E1728	J0286	Engineer	54
E1484	J0624	Programmer	20
E0786	J0604	Engineer	56
E0593	J0134	Manager	44
E1048	J0471	Manager	47
E0698	J0402	Manager	38
E2273	J0156	Programmer	38
E0569	J0673	Manager	37
E1663	J0030	Engineer	28
E1720	J0495	Consultant	29
E2232	J0884	Programmer	35
E0500	J0553	Programmer	54
E2125	J0046	Analyst	44
E0521	J0078	Analyst	13
E1335	J0134	Consultant	51
E0232	J0587	Engineer	37
E1752	J0825	Consultant	17
E1264	J0483	Programmer	42
E1971	J0273	Consultant	27
E0689	J0825	Analyst	36
E2228	J0029	Programmer	41
E0772	J0016	Manager	42
E2037	J0237	Engineer	39
E0418	J0131	Consultant	13
E1900	J0544	Engineer	43
E1779	J0799	Consultant	28
E1348	J0320	Analyst	45
E0160	J0063	Consultant	37
E0774	J0323	Analyst	47
E0405	J0038	Engineer	45
E1763	J0664	Programmer	51
E1147	J0821	Analyst	35
E1277	J0032	Manager	24
E1906	J0980	Engineer	35
E0856	J0387	Manager	54
E0451	J0290	Analyst	38
E1172	J0982	Engineer	48
E2244	J0568	Programmer	30
E1340	J0566	Analyst	49
E1685	J0090	Engineer	14
E0779	J0841	Manager	21
E1924	J0894	Programmer	36
E0389	J0741	Analyst	34
E1947	J0771	Programmer	38
E1517	J0778	Programmer	41
E1337	J0621	Analyst	48
E1607	J0440	Consultant	55
E2318	J0777	Manager	41
E1741	J0098	Manager	39
E1629	J0271	Engineer	44
E1579	J0689	Analyst	43
E2072	J0631	Programmer	55
E0320	J0553	Manager	59
E0476	J0387	Manager	34
E1537	J0068	Analyst	57
E0653	J0658	Engineer	29
E2165	J0746	Analyst	26
E1640	J0946	Programmer	48
E2472	J0451	Manager	41
E0417	J0697	Analyst	59
E2175	J0818	Engineer	41
E0521	J0233	Analyst	36
E0215	J0980	Manager	32
E0416	J0755	Analyst	27
E1687	J0685	Programmer	22
E0111	J0596	Manager	44
E1398	J0430	Engineer	36
E2360	J0724	Programmer	54
E0116	J0020	Analyst	60
E0886	J0391	Engineer	54
E0737	J0322	Manager	35
E0134	J0533	Manager	41
E0675	J0651	Analyst	32
E0011	J0832	Engineer	26
E1222	J0408	Manager	35
E0559	J0164	Engineer	27
E0460	J0984	Manager	32
E1144	J0930	Analyst	37
E1635	J0613	Programmer	40
E1762	J0514	Consultant	36
E1947	J0544	Consultant	37
E1098	J0765	Engineer	41
E0570	J0762	Engineer	38
E0516	J0113	Manager	48
E0254	J0541	Programmer	49
E0211	J0233	Consultant	50
E0472	J0979	Consultant	28
E1169	J0863	Engineer	27
E1353	J0932	Engineer	49
E0760	J0832	Consultant	35
E0461	J0460	Engineer	57
E2180	J0310	Analyst	27
E0163	J0542	Engineer	21
E0287	J0569	Manager	44
E0327	J0743	Engineer	44
E0116	J0251	Engineer	46
E0765	J0096	Engineer	45
E1332	J0103	Manager	35
E1073	J0183	Programmer	34
E2436	J0333	Programmer	40
E0379	J0122	Analyst	30
E2140	J0262	Analyst	39
E1795	J0651	Engineer	28
E1778	J0371	Analyst	48
E1791	J0873	Consultant	37
E2251	J0120	Engineer	42
E0084	J0684	Analyst	46
E1013	J0851	Manager	62
E1253	J0386	Consultant	46
E1636	J0508	Analyst	30
E2244	J0547	Analyst	34
E0963	J0681	Manager	50
E0430	J0695	Programmer	40
E1747	J0671	Engineer	58
E0697	J0014	Consultant	32
E1762	J0481	Programmer	26
E1630	J0755	Manager	29
E0174	J0932	Manager	53
E1643	J0569	Analyst	45
E1175	J0514	Manager	40
E0512	J0556	Manager	52
E0967	J0064	Consultant	43
E0270	J0665	Manager	22
E0111	J0733	Analyst	42
E2413	J0109	Analyst	36
E0636	J0881	Engineer	35
E2488	J0551	Engineer	35
E2456	J0270	Programmer	34
E2337	J0508	Programmer	32
E0743	J0588	Programmer	27
E1761	J0453	Engineer	36
E0153	J0820	Manager	34
E1929	J0245	Manager	56
E2051	J0945	Engineer	34
E0349	J0079	Analyst	35
E0291	J0572	Analyst	31
E0814	J0192	Analyst	29
E1082	J0738	Manager	14
E1573	J0303	Programmer	49
E0308	J0102	Analyst	49
E0738	J0320	Manager	43
E0192	J0004	Consultant	42
E0281	J0085	Engineer	45
E1484	J0066	Consultant	41
E0988	J0715	Programmer	29
E2029	J0994	Engineer	46
E1931	J0854	Manager	41
E2483	J0501	Programmer	37
E1947	J0285	Manager	34
E0499	J0907	Programmer	32
E0622	J0589	Programmer	39
E1779	J0032	Engineer	50
E0184	J0544	Engineer	36
E2130	J0100	Manager	51
E0125	J0990	Manager	50
E0792	J0726	Analyst	41
E1858	J0655	Manager	46
E0641	J0873	Consultant	43
E0657	J0996	Analyst	36
E0540	J0124	Analyst	39
E2373	J0484	Engineer	51
E1902	J0758	Programmer	43
E0207	J0411	Consultant	51
E1581	J0753	Analyst	36
E1904	J0336	Programmer	49
E0304	J0883	Engineer	33
E0564	J0513	Programmer	35
E1081	J0174	Programmer	36
E0862	J0337	Programmer	33
E1198	J0906	Manager	51
E1041	J0399	Consultant	54
E1133	J0277	Analyst	30
E1886	J0882	Engineer	54
E1749	J0633	Analyst	30
E0168	J0908	Programmer	30
E1025	J0423	Manager	44
E1615	J0664	Analyst	55
E1313	J0936	Engineer	44
E1091	J0113	Consultant	26
E1594	J0083	Programmer	42
E0889	J0698	Consultant	35
E2361	J0719	Engineer	35
E1512	J0405	Engineer	28
E0652	J0502	Manager	38
E0937	J0033	Programmer	40
E0015	J0423	Engineer	34
E2209	J0831	Analyst	37
E1245	J0354	Manager	48
E2369	J0166	Engineer	48
E0715	J0150	Consultant	41
E0461	J0412	Manager	41
E1705	J0753	Programmer	45
E2391	J0668	Consultant	48
E0578	J0603	Consultant	51
E0349	J0080	Manager	43
E1011	J0805	Programmer	45
E0848	J0170	Programmer	34
E0836	J0731	Manager	48
E2102	J0489	Programmer	39
E0035	J0468	Manager	33
E0596	J0832	Programmer	22
E0224	J0227	Programmer	47
E0603	J0728	Programmer	36
E1268	J0536	Programmer	56
E2065	J0389	Engineer	37
E1632	J0159	Analyst	55
E0400	J0424	Manager	30
E2368	J0877	Analyst	42
E2211	J0558	Analyst	30
E1524	J0387	Programmer	53
E1335	J0135	Manager	52
E0105	J0685	Consultant	42
E0908	J0883	Engineer	45
E2079	J0790	Engineer	18
E0350	J0641	Consultant	36
E0523	J0934	Analyst	44
E0606	J0304	Engineer	40
E1955	J0581	Programmer	25
E0703	J0131	Manager	26
E0512	J0429	Programmer	34
E0783	J0286	Programmer	51
E1025	J0459	Manager	29
E0553	J0765	Consultant	43
E0830	J0676	Analyst	60
E1222	J0743	Manager	30
E1043	J0073	Engineer	53
E0629	J0144	Engineer	39
E0419	J0388	Engineer	51
E2268	J0367	Analyst	47
E1985	J0597	Programmer	43
E0162	J0027	Analyst	45
E1637	J0340	Manager	25
E0750	J0504	Manager	43
E2036	J0046	Analyst	36
E0627	J0303	Consultant	24
E2280	J0808	Engineer	19
E0278	J0219	Consultant	48
E2112	J0740	Consultant	46
E1969	J0762	Analyst	27
E1320	J0273	Manager	51
E0943	J0177	Programmer	43
E2128	J0599	Programmer	51
E1369	J0628	Analyst	36
E0240	J0478	Analyst	31
E1462	J0180	Consultant	14
E1742	J0430	Manager	35
E0851	J0017	Analyst	31
E0532	J0814	Consultant	50
E0165	J0457	Engineer	53
E0643	J0848	Manager	27
E2396	J0661	Programmer	48
E1534	J0512	Analyst	39
E2037	J0326	Analyst	27
E0952	J0282	Engineer	49
E0518	J0931	Programmer	36
E1266	J0382	Manager	42
E1130	J0384	Analyst	52
E2064	J0818	Consultant	38
E1122	J0508	Manager	49
E1057	J0213	Analyst	42
E2104	J0042	Analyst	43
E0486	J0310	Consultant	48
E0032	J0279	Consultant	36
E2190	J0570	Consultant	34
E0160	J0879	Programmer	33
E0486	J0134	Manager	54
E0370	J0333	Manager	22
E1826	J0324	Consultant	47
E0998	J0031	Manager	41
E1611	J0239	Engineer	14
E0401	J0836	Analyst	37
E1820	J0509	Engineer	26
E1704	J0894	Programmer	20
E1259	J0531	Analyst	34
E0215	J0149	Engineer	43
E1566	J0138	Engineer	47
E1868	J0579	Manager	55
E2414	J0584	Manager	18
E0712	J0412	Manager	45
E0905	J0136	Engineer	40
E1647	J0937	Programmer	43
E0525	J0836	Engineer	38
E1262	J0794	Programmer	45
E0763	J0415	Engineer	38
E0163	J0882	Programmer	51
E0502	J0060	Programmer	27
E1822	J0999	Engineer	39
E0960	J0035	Programmer	52
E2200	J0186	Analyst	37
E1895	J0001	Programmer	25
E1195	J0659	Manager	12
E0452	J0093	Programmer	56
E0223	J0005	Programmer	22
E2359	J0668	Manager	36
E2411	J0708	Programmer	45
E0209	J0903	Manager	49
E0381	J0039	Engineer	33
E1444	J0854	Manager	42
E1040	J0993	Consultant	36
E1523	J0090	Consultant	45
E2238	J0944	Manager	36
E1232	J0932	Analyst	22
E2176	J0544	Consultant	40
E1108	J0814	Engineer	23
E0637	J0763	Programmer	41
E2022	J0123	Analyst	48
E0828	J0055	Engineer	53
E1375	J0684	Engineer	43
E2267	J0302	Consultant	53
E2037	J0810	Programmer	28
E2224	J0286	Engineer	36
E0384	J0399	Engineer	51
E0421	J0024	Engineer	25
E0315	J0476	Analyst	60
E2474	J0804	Analyst	46
E0619	J0100	Analyst	27
E1385	J0102	Manager	49
E0265	J0039	Programmer	34
E0970	J0380	Manager	36
E1104	J0794	Manager	18
E1974	J0977	Programmer	42
E0749	J0563	Consultant	37
E0433	J0003	Programmer	34
E1592	J0929	Manager	49
E1994	J0978	Manager	44
E1487	J0753	Analyst	30
E1310	J0741	Engineer	53
E1355	J0722	Manager	47
E1723	J0943	Engineer	38
E1237	J0942	Programmer	25
E2115	J0299	Programmer	32
E1054	J0272	Programmer	40
E1256	J0719	Programmer	38
E2164	J0995	Analyst	35
E2060	J0161	Programmer	38
E0333	J0821	Manager	57
E0111	J0437	Programmer	52
E0379	J0478	Programmer	57
E0434	J0796	Engineer	55
E0521	J0209	Consultant	41
E2375	J0097	Manager	21
E1613	J0890	Manager	27
E1849	J0933	Engineer	42
E0087	J0281	Manager	43
E1976	J0013	Analyst	41
E0606	J0114	Manager	56
E0766	J0549	Manager	27
E0579	J0573	Consultant	41
E0665	J0908	Engineer	56
E1445	J0136	Programmer	44
E1658	J0415	Consultant	42
E0951	J0784	Manager	22
E1245	J0776	Manager	46
E0118	J0178	Programmer	34
E1450	J0350	Manager	30
E1595	J0055	Engineer	59
E0908	J0904	Analyst	33
E2053	J0873	Manager	39
E0446	J0043	Consultant	43
E0109	J0513	Analyst	36
E2040	J0320	Consultant	38
E1512	J0966	Engineer	41
E2353	J0878	Manager	45
E1892	J0320	Analyst	30
E0048	J0980	Consultant	53
E1845	J0530	Manager	51
E1445	J0233	Analyst	32
E1279	J0934	Analyst	38
E1306	J0598	Consultant	58
E0629	J0929	Programmer	29
E1774	J0717	Consultant	40
E1103	J0415	Analyst	40
E0561	J0985	Analyst	29
E2449	J0109	Manager	44
E1921	J0566	Consultant	36
E2231	J0364	Programmer	62
E0251	J0006	Programmer	42
E1033	J0185	Analyst	30
E1450	J0327	Consultant	44
E1565	J0260	Analyst	56
E0435	J0261	Manager	24
E0041	J0419	Consultant	33
E2005	J0116	Engineer	46
E1717	J0618	Engineer	42
E0934	J0073	Analyst	51
E2237	J0673	Programmer	43
E2243	J0223	Manager	40
E1425	J0978	Analyst	37
E0519	J0116	Consultant	25
E1131	J0151	Engineer	27
E1931	J0636	Analyst	37
E2468	J0963	Consultant	37
E0220	J0642	Analyst	43
E1960	J0199	Consultant	44
E2372	J0257	Manager	41
E2433	J0511	Manager	46
E1661	J0752	Programmer	40
E2111	J0346	Manager	51
E1902	J0679	Consultant	37
E1818	J0565	Consultant	26
E2324	J0677	Programmer	59
E2386	J0912	Engineer	8
E1855	J0165	Manager	21
E1943	J0295	Manager	33
E1912	J0508	Manager	27
E2482	J0819	Consultant	34
E2407	J0023	Engineer	36
E1357	J0531	Programmer	39
E2151	J0738	Engineer	45
E2440	J0199	Manager	32
E0726	J0728	Manager	22
E1448	J0491	Analyst	36
E0859	J0756	Programmer	48
E1834	J0345	Programmer	30
E2246	J0080	Analyst	47
E1102	J0513	Manager	37
E2024	J0679	Engineer	58
E1683	J0752	Consultant	40
E1926	J0818	Programmer	36
E0106	J0887	Programmer	36
E1720	J0168	Consultant	38
E0665	J0626	Programmer	37
E0046	J0055	Analyst	34
E2111	J0642	Manager	36
E1033	J0230	Manager	35
E1585	J0099	Consultant	51
E2003	J0547	Analyst	38
E0291	J0151	Analyst	26
E2397	J0230	Programmer	53
E0341	J0247	Consultant	43
E0354	J0725	Manager	34
E1784	J0327	Manager	60
E2116	J0211	Manager	50
E1400	J0112	Analyst	34
E1428	J0670	Programmer	40
E0105	J0791	Engineer	65
E2445	J0212	Manager	43
E0481	J0613	Consultant	38
E0735	J0510	Programmer	34
E2436	J0031	Consultant	23
E0279	J0594	Engineer	49
E1924	J0331	Manager	47
E2127	J0373	Programmer	55
E2305	J0341	Programmer	38
E0822	J0507	Analyst	34
E1484	J0402	Analyst	46
E1230	J0508	Consultant	24
E1896	J0459	Engineer	27
E1101	J0676	Programmer	40
E0686	J0658	Engineer	55
E0856	J0613	Programmer	31
E0824	J0624	Engineer	59
E0630	J0470	Manager	40
E2025	J0417	Analyst	34
E2358	J0320	Programmer	42
E1225	J0554	Consultant	48
E2406	J0798	Programmer	47
E1032	J0737	Programmer	34
E1595	J0084	Engineer	47
E0910	J0542	Engineer	44
E1431	J0503	Manager	40
E0375	J0873	Manager	22
E0061	J0279	Programmer	43
E2269	J0496	Engineer	47
E1566	J0030	Analyst	42
E0486	J0541	Manager	40
E1458	J0702	Consultant	35
E1269	J0513	Programmer	33
E1505	J0109	Engineer	57
E1253	J0292	Consultant	39
E1850	J0193	Consultant	48
E1071	J0012	Manager	24
E0104	J0045	Programmer	40
E0768	J0659	Manager	52
E0716	J0741	Engineer	30
E1628	J0750	Consultant	45
E2428	J0856	Analyst	44
E0728	J0964	Analyst	37
E0265	J0314	Analyst	30
E0012	J0690	Analyst	31
E1466	J0116	Consultant	32
E1269	J0927	Manager	48
E1486	J0020	Consultant	38
E0441	J0182	Manager	41
E1673	J0461	Programmer	42
E0497	J0097	Programmer	31
E1569	J0922	Consultant	56
E2350	J0254	Consultant	27
E2250	J0983	Engineer	27
E0703	J0840	Consultant	41
E0369	J0527	Consultant	42
E2475	J0427	Manager	25
E0881	J0366	Programmer	22
E1323	J0655	Manager	30
E0179	J0727	Consultant	26
E0148	J0052	Analyst	45
E2120	J0399	Consultant	33
E0025	J0255	Manager	14
E2423	J0560	Engineer	46
E2142	J0452	Consultant	55
E2182	J0260	Programmer	43
E1265	J0294	Programmer	46
E1789	J0956	Analyst	33
E0807	J0856	Consultant	52
E0960	J0404	Manager	51
E1579	J0059	Consultant	55
E0749	J0257	Analyst	40
E2423	J0453	Analyst	37
E0931	J0720	Programmer	32
E2170	J0851	Analyst	33
E1324	J0682	Analyst	42
E2010	J0523	Engineer	75
E0000	J0689	Manager	53
E0803	J0549	Analyst	45
E1063	J0555	Programmer	30
E0112	J0789	Engineer	38
E2364	J0987	Engineer	55
E1235	J0257	Manager	42
E1201	J0035	Analyst	68
E1894	J0703	Analyst	27
E1099	J0985	Analyst	49
E2025	J0976	Programmer	38
E0415	J0744	Programmer	31
E2146	J0020	Consultant	35
E0182	J0289	Engineer	45
E0534	J0135	Consultant	37
E1115	J0879	Consultant	41
E1248	J0100	Programmer	41
E2155	J0748	Analyst	42
E0866	J0171	Engineer	45
E1391	J0193	Engineer	27
E2390	J0307	Programmer	49
E0947	J0439	Engineer	38
E0761	J0945	Engineer	45
E0869	J0316	Analyst	40
E1730	J0311	Manager	46
E0218	J0577	Programmer	37
E1120	J0313	Analyst	52
E0902	J0813	Engineer	44
E0694	J0976	Manager	39
E0940	J0240	Engineer	34
E0466	J0231	Analyst	36
E1777	J0299	Programmer	40
E2269	J0823	Manager	36
E0805	J0238	Consultant	36
E0979	J0801	Analyst	52
E0958	J0726	Consultant	55
E0163	J0190	Consultant	35
E1061	J0516	Consultant	33
E2429	J0970	Manager	28
E1614	J0954	Programmer	19
E2188	J0957	Analyst	42
E2084	J0132	Manager	31
E0306	J0056	Consultant	33
E0037	J0550	Engineer	26
E1201	J0659	Analyst	48
E1648	J0741	Programmer	30
E0001	J0995	Consultant	29
E0781	J0326	Consultant	22
E1552	J0952	Engineer	34
E2361	J0622	Analyst	49
E1821	J0482	Programmer	42
E2496	J0678	Programmer	60
E0588	J0302	Consultant	38
E2322	J0328	Manager	30
E2103	J0912	Analyst	34
E0590	J0129	Manager	52
E1746	J0596	Programmer	43
E0645	J0237	Analyst	48
E0504	J0204	Consultant	26
E0644	J0889	Engineer	36
E1224	J0178	Engineer	45
E0294	J0103	Analyst	50
E1162	J0159	Manager	45
E1133	J0312	Programmer	47
E1423	J0079	Manager	34
E1726	J0323	Manager	30
E2182	J0384	Analyst	46
E0431	J0721	Consultant	49
E1589	J0457	Analyst	42
E1852	J0047	Consultant	45
E1684	J0462	Consultant	30
E1386	J0469	Programmer	50
E0660	J0914	Manager	27
E0195	J0970	Consultant	47
E1967	J0256	Consultant	57
E2107	J0097	Engineer	50
E0418	J0378	Analyst	35
E2054	J0638	Manager	31
E0324	J0356	Programmer	34
E1045	J0054	Manager	34
E2426	J0139	Programmer	47
E2038	J0158	Analyst	50
E1162	J0763	Manager	41
E2115	J0412	Programmer	50
E0554	J0626	Analyst	37
E0374	J0664	Consultant	50
E1253	J0545	Manager	52
E0322	J0712	Manager	39
E0345	J0719	Consultant	31
E0879	J0334	Engineer	39
E1703	J0314	Programmer	20
E2077	J0070	Programmer	28
E1354	J0094	Manager	40
E1139	J0826	Programmer	30
E1977	J0464	Engineer	25
E1006	J0693	Programmer	44
E1976	J0801	Engineer	46
E1343	J0540	Manager	58
E1041	J0620	Engineer	32
E2368	J0238	Manager	27
E2476	J0431	Engineer	47
E0135	J0496	Manager	42
E0995	J0065	Engineer	38
E1232	J0462	Manager	38
E1385	J0689	Consultant	32
E1972	J0513	Engineer	42
E2162	J0079	Consultant	42
E0602	J0496	Manager	41
E1218	J0728	Programmer	30
E0889	J0388	Analyst	28
E0213	J0128	Analyst	29
E1139	J0806	Consultant	43
E1323	J0986	Consultant	43
E1377	J0783	Engineer	45
E1557	J0572	Engineer	31
E2060	J0519	Analyst	59
E0398	J0522	Manager	28
E1934	J0145	Consultant	32
E1199	J0153	Consultant	37
E0725	J0661	Manager	34
E0441	J0814	Consultant	28
E2068	J0113	Engineer	34
E2166	J0141	Manager	34
E1047	J0128	Engineer	40
E2453	J0097	Programmer	26
E0362	J0615	Engineer	48
E0316	J0689	Consultant	24
E2259	J0091	Manager	29
E2082	J0561	Programmer	50
E2091	J0184	Engineer	34
E1534	J0952	Analyst	38
E0919	J0100	Manager	62
E0853	J0237	Engineer	32
E1011	J0369	Programmer	43
E0256	J0902	Engineer	36
E0356	J0128	Analyst	37
E1610	J0531	Analyst	53
E1663	J0507	Analyst	40
E1241	J0070	Programmer	32
E2205	J0274	Programmer	23
E0199	J0931	Engineer	63
E2481	J0075	Analyst	14
E2230	J0763	Consultant	42
E0330	J0615	Analyst	33
E0447	J0209	Engineer	41
E0993	J0761	Manager	43
E2100	J0943	Analyst	27
E0444	J0573	Manager	32
E2102	J0898	Programmer	43
E2036	J0158	Analyst	42
E1725	J0286	Analyst	54
E1403	J0198	Manager	29
E0750	J0380	Manager	48
E0104	J0629	Engineer	42
E1670	J0382	Manager	41
E0313	J0386	Programmer	41
E0022	J0722	Analyst	38
E0530	J0064	Analyst	39
E1602	J0836	Engineer	34
E2461	J0494	Analyst	50
E1391	J0061	Engineer	36
E2201	J0970	Consultant	40
E2140	J0600	Analyst	26
E0158	J0472	Engineer	46
E0853	J0898	Programmer	18
E0133	J0224	Manager	46
E1465	J0879	Engineer	39
E0739	J0554	Programmer	18
E2436	J0878	Analyst	52
E0393	J0038	Engineer	35
E1938	J0473	Engineer	45
E0728	J0063	Analyst	49
E2162	J0230	Engineer	49
E0226	J0883	Manager	38
E0131	J0554	Engineer	61
E1132	J0483	Manager	33
E1805	J0392	Engineer	51
E0074	J0035	Programmer	70
E1715	J0876	Engineer	47
E1499	J0377	Manager	35
E0005	J0523	Analyst	41
E1443	J0142	Consultant	36
E1502	J0884	Consultant	32
E2112	J0083	Engineer	47
E0088	J0888	Manager	56
E1354	J0073	Programmer	43
E1590	J0603	Manager	43
E2252	J0379	Manager	60
E1369	J0269	Engineer	50
E2432	J0507	Manager	50
E2308	J0006	Consultant	38
E1764	J0196	Consultant	39
E1542	J0670	Manager	38
E0247	J0273	Consultant	23
E1145	J0038	Consultant	51
E1181	J0777	Consultant	43
E2317	J0736	Consultant	44
E0548	J0967	Programmer	23
E1883	J0066	Engineer	43
E0821	J0464	Consultant	56
E0362	J0567	Analyst	39
E0067	J0383	Engineer	31
E1904	J0033	Consultant	49
E0100	J0249	Manager	41
E2326	J0144	Engineer	45
E2228	J0773	Engineer	38
E1926	J0170	Manager	31
E1041	J0102	Programmer	34
E2407	J0733	Engineer	37
E0400	J0538	Manager	54
E0423	J0487	Analyst	37
E2358	J0169	Analyst	37
E1007	J0518	Programmer	41
E0444	J0600	Engineer	27
E2028	J0688	Analyst	42
E1130	J0880	Analyst	41
E1968	J0771	Manager	36
E1887	J0049	Manager	42
E2482	J0804	Engineer	57
E1600	J0539	Consultant	53
E0965	J0515	Consultant	24
E2283	J0760	Programmer	49
E1561	J0321	Engineer	32
E1123	J0766	Engineer	46
E0822	J0642	Consultant	43
E2462	J0097	Manager	33
E1386	J0017	Engineer	43
E2435	J0504	Programmer	31
E1786	J0472	Engineer	29
E1437	J0472	Manager	48
E1745	J0862	Programmer	39
E0379	J0551	Programmer	36
E1013	J0392	Consultant	41
E2141	J0880	Engineer	54
E1480	J0283	Engineer	43
E0218	J0223	Consultant	38
E0131	J0117	Programmer	35
E0430	J0589	Consultant	50
E0326	J0885	Consultant	29
E0931	J0762	Programmer	42
E1592	J0440	Engineer	30
E0005	J0452	Analyst	50
E1540	J0137	Programmer	38
E2332	J0053	Programmer	54
E0288	J0867	Analyst	44
E0622	J0377	Manager	54
E2099	J0048	Engineer	36
E0173	J0057	Analyst	42
E0659	J0448	Consultant	36
E1548	J0117	Programmer	57
E1678	J0629	Manager	43
E2324	J0981	Analyst	45
E0580	J0760	Engineer	45
E2428	J0807	Programmer	40
E2298	J0010	Manager	40
E1371	J0463	Consultant	39
E1149	J0826	Manager	38
E1369	J0973	Analyst	56
E0919	J0893	Analyst	48
E2436	J0492	Engineer	38
E2359	J0977	Manager	20
E0718	J0756	Manager	37
E1576	J0889	Manager	34
E0823	J0623	Programmer	24
E0061	J0571	Analyst	41
E0689	J0487	Engineer	36
E1738	J0474	Manager	39
E2165	J0914	Manager	35
E1953	J0904	Consultant	50
E2478	J0115	Analyst	29
E0854	J0432	Engineer	33
E0069	J0954	Consultant	41
E0846	J0121	Manager	34
E1176	J0143	Manager	24
E0982	J0112	Programmer	48
E1954	J0398	Programmer	46
E1952	J0468	Analyst	41
E0629	J0627	Consultant	46
E2214	J0175	Manager	50
E2082	J0053	Manager	38
E0675	J0555	Analyst	47
E1003	J0604	Analyst	31
E0406	J0853	Analyst	51
E2019	J0429	Consultant	41
E0020	J0413	Programmer	34
E0833	J0917	Manager	15
E0370	J0209	Consultant	40
E2125	J0460	Consultant	29
E2272	J0851	Consultant	31
E0766	J0753	Consultant	37
E1629	J0632	Engineer	41
E1017	J0788	Programmer	39
E0058	J0937	Programmer	34
E1216	J0837	Consultant	41
E0906	J0125	Engineer	22
E1467	J0390	Engineer	37
E0200	J0196	Engineer	46
E1259	J0976	Manager	40
E1668	J0055	Engineer	20
E2472	J0658	Consultant	35
E1941	J0412	Programmer	40
E0557	J0605	Engineer	63
E1361	J0864	Programmer	25
E1782	J0606	Analyst	16
E1731	J0626	Programmer	34
E0644	J0963	Engineer	31
E1735	J0968	Analyst	33
E0872	J0403	Analyst	27
E2298	J0504	Manager	46
E1840	J0530	Analyst	38
E1730	J0415	Programmer	37
E1907	J0929	Programmer	29
E0705	J0240	Consultant	35
E1092	J0717	Consultant	42
E0000	J0843	Consultant	63
E2354	J0268	Programmer	40
E0588	J0780	Consultant	36
E0205	J0095	Engineer	41
E1489	J0329	Analyst	44
E1417	J0939	Engineer	25
E2186	J0915	Manager	55
E0859	J0867	Engineer	46
E0063	J0816	Consultant	46
E1404	J0274	Programmer	41
E2126	J0784	Analyst	78
E2124	J0995	Engineer	54
E0741	J0946	Engineer	36
E1641	J0236	Manager	38
E1321	J0921	Programmer	40
E0484	J0543	Consultant	51
E1478	J0769	Analyst	34
E0088	J0851	Programmer	36
E1191	J0529	Analyst	37
E0245	J0513	Analyst	39
E1106	J0716	Engineer	25
E0428	J0928	Engineer	46
E1462	J0057	Manager	44
E1358	J0963	Manager	32
E0183	J0874	Consultant	36
E1889	J0268	Analyst	36
E2286	J0750	Programmer	35
E0922	J0274	Analyst	23
E0743	J0632	Analyst	47
E1453	J0395	Manager	43
E0765	J0074	Engineer	50
E1545	J0061	Engineer	48
E1806	J0313	Manager	49
E0337	J0384	Programmer	31
E0267	J0257	Analyst	49
E1453	J0103	Programmer	59
E0795	J0590	Engineer	58
E0654	J0489	Programmer	34
E0176	J0629	Consultant	39
E2361	J0759	Programmer	29
E0627	J0731	Programmer	34
E2280	J0066	Manager	20
E2122	J0676	Programmer	53
E0958	J0705	Engineer	55
E0750	J0457	Consultant	22
E1981	J0882	Manager	39
E0681	J0430	Engineer	36
E0298	J0484	Engineer	42
E2150	J0734	Consultant	46
E2226	J0364	Consultant	44
E2127	J0469	Programmer	37
E2064	J0459	Programmer	38
E0327	J0956	Programmer	29
E0117	J0489	Manager	26
E2095	J0454	Manager	40
E1638	J0025	Consultant	44
E0884	J0965	Programmer	28
E0607	J0355	Analyst	46
E0170	J0561	Engineer	31
E1911	J0326	Analyst	28
E1730	J0082	Manager	47
E0977	J0642	Analyst	35
E1437	J0716	Analyst	36
E1281	J0010	Consultant	52
E0695	J0895	Engineer	27
E1323	J0821	Consultant	44
E2338	J0581	Consultant	38
E0913	J0861	Programmer	67
E1220	J0052	Consultant	44
E1825	J0825	Programmer	41
E1539	J0992	Consultant	29
E1366	J0927	Manager	20
E0285	J0786	Analyst	44
E1915	J0667	Analyst	48
E1941	J0682	Analyst	46
E2190	J0524	Programmer	45
E2262	J0216	Analyst	17
E0096	J0158	Consultant	34
E1841	J0974	Consultant	43
E1496	J0353	Analyst	39
E1412	J0167	Consultant	46
E0390	J0938	Consultant	23
E0343	J0410	Engineer	39
E1295	J0996	Consultant	46
E0770	J0202	Analyst	27
E1381	J0763	Consultant	37
E1055	J0437	Engineer	43
E0295	J0768	Manager	33
E1414	J0763	Engineer	55
E0185	J0140	Programmer	27
E1544	J0573	Consultant	40
E0598	J0052	Programmer	25
E1051	J0908	Analyst	47
E0653	J0096	Programmer	46
E1922	J0565	Engineer	30
E0230	J0691	Manager	53
E1035	J0986	Analyst	39
E0366	J0324	Consultant	39
E0278	J0143	Analyst	38
E1192	J0632	Programmer	37
E0484	J0444	Analyst	46
E0971	J0114	Manager	43
E1398	J0672	Programmer	47
E0694	J0101	Manager	38
E1230	J0014	Consultant	41
E2233	J0238	Consultant	47
E1330	J0747	Manager	42
E2161	J0549	Analyst	41
E1569	J0570	Manager	39
E2278	J0553	Consultant	39
E1151	J0117	Engineer	42
E0299	J0509	Analyst	34
E1156	J0764	Analyst	41
E0210	J0630	Engineer	41
E2412	J0033	Consultant	19
E1739	J0061	Analyst	34
E0743	J0217	Engineer	46
E0741	J0673	Engineer	33
E0222	J0136	Analyst	43
E0659	J0099	Manager	50
E2055	J0131	Manager	42
E0910	J0712	Manager	36
E1185	J0564	Engineer	36
E2043	J0510	Engineer	32
E1963	J0266	Consultant	45
E1336	J0114	Engineer	47
E1557	J0768	Analyst	33
E0325	J0093	Programmer	43
E1198	J0344	Analyst	47
E2370	J0808	Engineer	34
E0826	J0735	Consultant	18
E0507	J0427	Manager	36
E2190	J0596	Analyst	56
E0186	J0425	Manager	42
E0647	J0104	Consultant	41
E0978	J0542	Manager	41
E1117	J0536	Consultant	26
E1695	J0134	Engineer	21
E2240	J0058	Manager	36
E1129	J0699	Analyst	27
E1019	J0831	Consultant	25
E0171	J0669	Programmer	41
E1680	J0826	Engineer	38
E2139	J0862	Consultant	46
E0593	J0091	Engineer	31
E0494	J0593	Engineer	48
E1620	J0358	Analyst	33
E1339	J0665	Engineer	40
E1820	J0982	Analyst	40
E1796	J0457	Engineer	25
E1518	J0916	Manager	47
E0713	J0658	Engineer	38
E2431	J0388	Programmer	60
E1803	J0456	Consultant	26
E2059	J0988	Analyst	32
E1005	J0436	Manager	23
E0943	J0530	Engineer	53
E0336	J0399	Consultant	40
E0336	J0441	Analyst	41
E1758	J0779	Consultant	39
E2465	J0756	Analyst	29
E0666	J0639	Programmer	41
E2495	J0128	Analyst	52
E0237	J0450	Engineer	53
E0057	J0758	Consultant	42
E0644	J0208	Programmer	40
E0079	J0463	Programmer	23
E1107	J0215	Engineer	19
E1366	J0177	Programmer	21
E0598	J0474	Engineer	24
E0691	J0466	Consultant	38
E0945	J0883	Engineer	51
E2229	J0067	Programmer	51
E1500	J0474	Analyst	41
E1335	J0717	Engineer	41
E0417	J0589	Analyst	35
E1266	J0429	Analyst	46
E1493	J0881	Manager	46
E2232	J0587	Engineer	59
E2373	J0498	Programmer	35
E2447	J0024	Programmer	31
E0991	J0843	Manager	32
E2278	J0630	Engineer	55
E2193	J0117	Engineer	40
E1368	J0348	Engineer	31
E1136	J0617	Consultant	50
E0189	J0212	Analyst	36
E2074	J0540	Analyst	45
E1564	J0028	Programmer	58
E1572	J0290	Engineer	36
E1564	J0006	Consultant	23
E1865	J0938	Manager	51
E1824	J0874	Programmer	38
E0450	J0471	Programmer	35
E2360	J0737	Analyst	44
E1723	J0186	Manager	52
E1240	J0949	Manager	44
E1209	J0221	Programmer	49
E1858	J0818	Analyst	40
E2348	J0262	Consultant	27
E0082	J0252	Analyst	28
E0257	J0505	Engineer	48
E0867	J0952	Programmer	29
E0085	J0902	Programmer	39
E1637	J0671	Manager	46
E1278	J0058	Analyst	27
E1407	J0899	Manager	36
E2434	J0599	Programmer	29
E0880	J0470	Consultant	47
E1724	J0476	Consultant	48
E1608	J0819	Consultant	34
E1334	J0708	Manager	50
E2310	J0064	Manager	51
E1536	J0442	Consultant	52
E1413	J0540	Manager	36
E1090	J0131	Engineer	28
E1108	J0253	Analyst	44
E0529	J0891	Manager	13
E1363	J0411	Consultant	53
E2338	J0318	Manager	53
E0474	J0527	Manager	40
E0475	J0652	Programmer	37
E0339	J0303	Programmer	36
E0523	J0339	Consultant	56
E1128	J0976	Consultant	20
E1955	J0789	Manager	39
E0619	J0061	Analyst	46
E1579	J0133	Manager	44
E1581	J0689	Manager	36
E0806	J0603	Engineer	52
E0860	J0469	Programmer	27
E1476	J0507	Engineer	43
E1571	J0623	Consultant	28
E2131	J0396	Consultant	24
E2420	J0186	Consultant	50
E1820	J0173	Manager	39
E0906	J0833	Consultant	41
E1018	J0146	Consultant	49
E1257	J0565	Consultant	25
E2440	J0713	Engineer	48
E1824	J0438	Manager	26
E2332	J0772	Consultant	34
E1966	J0527	Programmer	39
E1587	J0621	Programmer	48
E0239	J0866	Programmer	45
E0336	J0166	Engineer	48
E0838	J0065	Manager	58
E2193	J0624	Analyst	44
E0712	J0625	Programmer	62
E0727	J0593	Consultant	27
E0670	J0247	Programmer	50
E2464	J0643	Engineer	36
E2205	J0793	Manager	42
E1857	J0387	Programmer	29
E0444	J0221	Programmer	27
E1187	J0603	Analyst	37
E1667	J0152	Engineer	12
E1863	J0357	Engineer	39
E1404	J0745	Engineer	44
E0190	J0745	Programmer	32
E1109	J0070	Consultant	48
E0068	J0229	Engineer	27
E0954	J0112	Engineer	49
E1272	J0282	Manager	35
E0625	J0691	Consultant	38
E0799	J0406	Programmer	26
E0388	J0536	Programmer	48
E0566	J0306	Engineer	47
E1183	J0554	Consultant	31
E0529	J0635	Consultant	37
E2108	J0961	Engineer	23
E1913	J0114	Programmer	32
E1744	J0483	Analyst	45
E1457	J0510	Manager	48
E1734	J0007	Manager	44
E0763	J0120	Consultant	39
E0765	J0631	Manager	37
E1280	J0732	Manager	40
E2055	J0824	Engineer	39
E0009	J0547	Consultant	32
E1760	J0781	Manager	55
E0978	J0024	Manager	46
E0522	J0336	Engineer	29
E1627	J0297	Programmer	45
E1210	J0531	Manager	29
E0250	J0722	Programmer	44
E0424	J0500	Programmer	48
E1417	J0248	Engineer	27
E0480	J0766	Programmer	29
E0957	J0838	Engineer	51
E0475	J0510	Analyst	36
E0205	J0692	Analyst	52
E0099	J0844	Manager	26
E1339	J0071	Consultant	37
E0819	J0693	Analyst	33
E1099	J0689	Manager	42
E1659	J0030	Engineer	61
E0927	J0017	Analyst	43
E0273	J0482	Consultant	43
E2397	J0799	Programmer	44
E0431	J0506	Manager	46
E2352	J0679	Manager	33
E1223	J0604	Consultant	41
E1119	J0117	Manager	37
E1723	J0723	Manager	24
E1050	J0698	Manager	37
E2170	J0618	Engineer	37
E0642	J0084	Consultant	28
E0235	J0786	Analyst	30
E1364	J0715	Consultant	45
E1287	J0109	Programmer	52
E2188	J0121	Programmer	32
E0603	J0063	Manager	41
E2487	J0081	Analyst	44
E1874	J0522	Consultant	45
E0346	J0881	Analyst	41
E0637	J0148	Manager	31
E0085	J0807	Consultant	30
E1533	J0394	Analyst	44
E0823	J0801	Analyst	31
E1542	J0330	Engineer	53
E0936	J0431	Analyst	36
E1399	J0987	Manager	47
E0979	J0506	Analyst	27
E0212	J0962	Engineer	37
E0464	J0313	Manager	48
E2419	J0077	Consultant	16
E0785	J0287	Manager	32
E2164	J0060	Consultant	48
E0264	J0131	Engineer	42
E1592	J0977	Consultant	61
E1503	J0077	Analyst	42
E0847	J0762	Consultant	42
E2160	J0999	Consultant	29
E1883	J0701	Analyst	41
E1886	J0753	Programmer	39
E2442	J0297	Engineer	52
E0840	J0775	Manager	54
E0911	J0705	Engineer	44
E2483	J0847	Programmer	25
E1854	J0549	Manager	33
E0829	J0978	Consultant	36
E1570	J0120	Programmer	49
E0343	J0143	Programmer	44
E1916	J0416	Manager	43
E1526	J0046	Manager	25
E2470	J0900	Programmer	25
E0152	J0564	Programmer	69
E0541	J0049	Engineer	49
E0969	J0167	Analyst	34
E1945	J0938	Manager	36
E1549	J0220	Engineer	51
E0490	J0464	Programmer	45
E2281	J0102	Manager	54
E2334	J0159	Consultant	41
E0426	J0879	Engineer	29
E0765	J0149	Manager	45
E0253	J0141	Manager	49
E0054	J0178	Consultant	64
E0732	J0988	Manager	28
E2091	J0340	Programmer	43
E0470	J0251	Engineer	39
E2040	J0323	Consultant	33
E1705	J0789	Analyst	16
E0695	J0627	Manager	21
E0678	J0895	Manager	46
E2382	J0672	Manager	31
E2232	J0865	Analyst	31
E1102	J0509	Analyst	39
E0011	J0405	Engineer	40
E1508	J0656	Analyst	64
E1159	J0579	Engineer	23
